行政组织编码,行政组织名称,所属公司,组织单位,组织长名称,组织流程层级分类,物理层级,组织授权级别,组织授权级别命中规则,模拟授权级别
50939479,福建伯恩,福建伯恩,被投-福建伯恩,万物云_投资与创新发展中心_万物成长被投企业_福建伯恩,业务单元本部,4,二级授权,org_code:l2_specified,三级授权
50967791,品牌管理组,丹田,丹田,万物云_丹田_市场拓展部_品牌管理组,业务单元本部,4,二级授权,process_level_category:业务单元本部_and_physical_level:lte_4,三级授权
50967792,战略规划部,丹田,丹田,万物云_丹田_业务发展中心_战略规划部,业务单元本部,4,二级授权,process_level_category:业务单元本部_and_physical_level:lte_4,三级授权
50967793,产品技术部,丹田,丹田,万物云_丹田_业务发展中心_产品技术部,业务单元本部,4,二级授权,process_level_category:业务单元本部_and_physical_level:lte_4,三级授权
50967795,人力资源与行政服务部,丹田,丹田,万物云_丹田_业务支持中心_人力资源与行政服务部,业务单元本部,4,二级授权,process_level_category:业务单元本部_and_physical_level:lte_4,三级授权
50967796,行政管理部,丹田,丹田,万物云_丹田_业务支持中心_行政管理部,业务单元本部,4,二级授权,process_level_category:业务单元本部_and_physical_level:lte_4,三级授权
50967797,系统运维支持部,丹田,丹田,万物云_丹田_业务支持中心_系统运维支持部,业务单元本部,4,二级授权,process_level_category:业务单元本部_and_physical_level:lte_4,三级授权
50967798,供应链管理部,丹田,丹田,万物云_丹田_业务支持中心_供应链管理部,业务单元本部,4,二级授权,process_level_category:业务单元本部_and_physical_level:lte_4,三级授权
50972787,合作与服务发展中心本部50972787,丹田,丹田,万物云_丹田_业务发展中心_合作与服务发展中心本部50972787,业务单元本部,4,二级授权,process_level_category:业务单元本部_and_physical_level:lte_4,三级授权
50973463,失效组织50973463,丹田,丹田,万物云_丹田_市场拓展部_失效组织50973463,业务单元本部,4,二级授权,process_level_category:业务单元本部_and_physical_level:lte_4,三级授权
50973464,失效组织50973464,丹田,丹田,万物云_丹田_市场拓展部_失效组织50973464,业务单元本部,4,二级授权,process_level_category:业务单元本部_and_physical_level:lte_4,三级授权
50973465,失效组织50973465,丹田,丹田,万物云_丹田_市场拓展部_失效组织50973465,业务单元本部,4,二级授权,process_level_category:业务单元本部_and_physical_level:lte_4,三级授权
55000926,数字化运营部,丹田,丹田,万物云_丹田_业务发展中心_数字化运营部,业务单元本部,4,二级授权,process_level_category:业务单元本部_and_physical_level:lte_4,三级授权
55001255,PA组,丹田,丹田,万物云_丹田_市场拓展部_PA组,业务单元本部,4,二级授权,process_level_category:业务单元本部_and_physical_level:lte_4,三级授权
55001256,PB投标组,丹田,丹田,万物云_丹田_市场拓展部_PB投标组,业务单元本部,4,二级授权,process_level_category:业务单元本部_and_physical_level:lte_4,三级授权
55001257,本部运营组,丹田,丹田,万物云_丹田_市场拓展部_本部运营组,业务单元本部,4,二级授权,process_level_category:业务单元本部_and_physical_level:lte_4,三级授权
55006130,能源技术服务部,丹田,丹田,万物云_丹田_业务发展中心_能源技术服务部,业务单元本部,4,二级授权,process_level_category:业务单元本部_and_physical_level:lte_4,三级授权
55007356,大客户服务组,丹田,丹田,万物云_丹田_市场拓展部_大客户服务组,业务单元本部,4,二级授权,process_level_category:业务单元本部_and_physical_level:lte_4,三级授权
55008484,产品研发部,丹田,丹田,万物云_丹田_业务发展中心_产品研发部,业务单元本部,4,二级授权,process_level_category:业务单元本部_and_physical_level:lte_4,三级授权
50907689,产品中心,第五空间,蝶城发展中心,万物云_蝶城发展中心_第五空间_产品中心,业务单元本部,4,二级授权,process_level_category:业务单元本部_and_physical_level:lte_4,三级授权
50907811,幸福社,第五空间,蝶城发展中心,万物云_蝶城发展中心_第五空间_幸福社,业务单元本部,4,二级授权,process_level_category:业务单元本部_and_physical_level:lte_4,三级授权
50917825,人力资源与行政服务部,第五空间,蝶城发展中心,万物云_蝶城发展中心_第五空间_人力资源与行政服务部,业务单元本部,4,二级授权,process_level_category:业务单元本部_and_physical_level:lte_4,三级授权
50917926,财务及运营管理部,第五空间,蝶城发展中心,万物云_蝶城发展中心_第五空间_财务及运营管理部,业务单元本部,4,二级授权,process_level_category:业务单元本部_and_physical_level:lte_4,三级授权
50923196,管理层,第五空间,蝶城发展中心,万物云_蝶城发展中心_第五空间_管理层,业务单元本部,4,二级授权,process_level_category:业务单元本部_and_physical_level:lte_4,三级授权
50923451,爱领克,第五空间,蝶城发展中心,万物云_蝶城发展中心_第五空间_爱领克,业务单元本部,4,二级授权,process_level_category:业务单元本部_and_physical_level:lte_4,三级授权
50925690,到家事业部,第五空间,蝶城发展中心,万物云_蝶城发展中心_第五空间_到家事业部,业务单元本部,4,二级授权,process_level_category:业务单元本部_and_physical_level:lte_4,三级授权
50942261,百川产品中心,第五空间,蝶城发展中心,万物云_蝶城发展中心_第五空间_百川产品中心,业务单元本部,4,二级授权,process_level_category:业务单元本部_and_physical_level:lte_4,三级授权
50942262,住这儿产品中心,第五空间,蝶城发展中心,万物云_蝶城发展中心_第五空间_住这儿产品中心,业务单元本部,4,二级授权,process_level_category:业务单元本部_and_physical_level:lte_4,三级授权
50948575,幸福社区发展中心,第五空间,蝶城发展中心,万物云_蝶城发展中心_第五空间_幸福社区发展中心,业务单元本部,4,二级授权,process_level_category:业务单元本部_and_physical_level:lte_4,三级授权
50948701,研发中心,第五空间,蝶城发展中心,万物云_蝶城发展中心_第五空间_研发中心,业务单元本部,4,二级授权,process_level_category:业务单元本部_and_physical_level:lte_4,三级授权
50948710,服务中台,第五空间,蝶城发展中心,万物云_蝶城发展中心_第五空间_服务中台,业务单元本部,4,二级授权,process_level_category:业务单元本部_and_physical_level:lte_4,三级授权
50948711,蝶城办公室,第五空间,蝶城发展中心,万物云_蝶城发展中心_第五空间_蝶城办公室,业务单元本部,4,二级授权,process_level_category:业务单元本部_and_physical_level:lte_4,三级授权
50948712,住这儿工作室,第五空间,蝶城发展中心,万物云_蝶城发展中心_第五空间_住这儿工作室,业务单元本部,4,二级授权,process_level_category:业务单元本部_and_physical_level:lte_4,三级授权
55004014,研选家人力资源组,蝶城发展中心,蝶城发展中心,万物云_蝶城发展中心_人力资源与行政服务部_研选家人力资源组,业务单元本部,4,二级授权,process_level_category:业务单元本部_and_physical_level:lte_4,三级授权
55004016,业务支持组,蝶城发展中心,蝶城发展中心,万物云_蝶城发展中心_财务及运营管理部_业务支持组,业务单元本部,4,二级授权,process_level_category:业务单元本部_and_physical_level:lte_4,三级授权
55004017,综合管控组,蝶城发展中心,蝶城发展中心,万物云_蝶城发展中心_财务及运营管理部_综合管控组,业务单元本部,4,二级授权,process_level_category:业务单元本部_and_physical_level:lte_4,三级授权
55004018,蝶城拓展组,蝶城发展中心,蝶城发展中心,万物云_蝶城发展中心_蝶城办公室_蝶城拓展组,业务单元本部,4,二级授权,process_level_category:业务单元本部_and_physical_level:lte_4,三级授权
55004019,运营协同组,蝶城发展中心,蝶城发展中心,万物云_蝶城发展中心_蝶城办公室_运营协同组,业务单元本部,4,二级授权,process_level_category:业务单元本部_and_physical_level:lte_4,三级授权
55004020,朴邻支持组,蝶城发展中心,蝶城发展中心,万物云_蝶城发展中心_数智驱动部_朴邻支持组,业务单元本部,4,二级授权,process_level_category:业务单元本部_and_physical_level:lte_4,三级授权
55004021,研选家支持组,蝶城发展中心,蝶城发展中心,万物云_蝶城发展中心_数智驱动部_研选家支持组,业务单元本部,4,二级授权,process_level_category:业务单元本部_and_physical_level:lte_4,三级授权
55004022,蝶城中台组,蝶城发展中心,蝶城发展中心,万物云_蝶城发展中心_数智驱动部_蝶城中台组,业务单元本部,4,二级授权,process_level_category:业务单元本部_and_physical_level:lte_4,三级授权
55004023,数据中台组,蝶城发展中心,蝶城发展中心,万物云_蝶城发展中心_数智驱动部_数据中台组,业务单元本部,4,二级授权,process_level_category:业务单元本部_and_physical_level:lte_4,三级授权
55004024,公共产研组,蝶城发展中心,蝶城发展中心,万物云_蝶城发展中心_数智驱动部_公共产研组,业务单元本部,4,二级授权,process_level_category:业务单元本部_and_physical_level:lte_4,三级授权
55004025,用户经营组,蝶城发展中心,蝶城发展中心,万物云_蝶城发展中心_数智驱动部_用户经营组,业务单元本部,4,二级授权,process_level_category:业务单元本部_and_physical_level:lte_4,三级授权
55004026,客服组,蝶城发展中心,蝶城发展中心,万物云_蝶城发展中心_数智驱动部_客服组,业务单元本部,4,二级授权,process_level_category:业务单元本部_and_physical_level:lte_4,三级授权
55004027,家服孵化组,蝶城发展中心,蝶城发展中心,万物云_蝶城发展中心_数智驱动部_家服孵化组,业务单元本部,4,二级授权,process_level_category:业务单元本部_and_physical_level:lte_4,三级授权
55004028,品牌组,蝶城发展中心,蝶城发展中心,万物云_蝶城发展中心_蝶城营销部_品牌组,业务单元本部,4,二级授权,process_level_category:业务单元本部_and_physical_level:lte_4,三级授权
55004029,营销组,蝶城发展中心,蝶城发展中心,万物云_蝶城发展中心_蝶城营销部_营销组,业务单元本部,4,二级授权,process_level_category:业务单元本部_and_physical_level:lte_4,三级授权
55004030,内容组,蝶城发展中心,蝶城发展中心,万物云_蝶城发展中心_蝶城营销部_内容组,业务单元本部,4,二级授权,process_level_category:业务单元本部_and_physical_level:lte_4,三级授权
55004031,新业务发展组,蝶城发展中心,蝶城发展中心,万物云_蝶城发展中心_员工赋能部_新业务发展组,业务单元本部,4,二级授权,process_level_category:业务单元本部_and_physical_level:lte_4,三级授权
55004032,管家工作室,蝶城发展中心,蝶城发展中心,万物云_蝶城发展中心_员工赋能部_管家工作室,业务单元本部,4,二级授权,process_level_category:业务单元本部_and_physical_level:lte_4,三级授权
55004033,产品运营组,蝶城发展中心,蝶城发展中心,万物云_蝶城发展中心_员工赋能部_产品运营组,业务单元本部,4,二级授权,process_level_category:业务单元本部_and_physical_level:lte_4,三级授权
55004034,战略客户拓展组,蝶城发展中心,蝶城发展中心,万物云_蝶城发展中心_幸福社区发展部_战略客户拓展组,业务单元本部,4,二级授权,process_level_category:业务单元本部_and_physical_level:lte_4,三级授权
55004035,到店PMO组,蝶城发展中心,蝶城发展中心,万物云_蝶城发展中心_幸福社区发展部_到店PMO组,业务单元本部,4,二级授权,process_level_category:业务单元本部_and_physical_level:lte_4,三级授权
55004036,社群运营组,蝶城发展中心,蝶城发展中心,万物云_蝶城发展中心_幸福社区发展部_社群运营组,业务单元本部,4,二级授权,process_level_category:业务单元本部_and_physical_level:lte_4,三级授权
55004840,增长推动组,蝶城发展中心,蝶城发展中心,万物云_蝶城发展中心_住这儿产品业务部_增长推动组,业务单元本部,4,二级授权,process_level_category:业务单元本部_and_physical_level:lte_4,三级授权
55004841,智能基础架构组,蝶城发展中心,蝶城发展中心,万物云_蝶城发展中心_住这儿产品业务部_智能基础架构组,业务单元本部,4,二级授权,process_level_category:业务单元本部_and_physical_level:lte_4,三级授权
55004842,业务研发组,蝶城发展中心,蝶城发展中心,万物云_蝶城发展中心_住这儿产品业务部_业务研发组,业务单元本部,4,二级授权,process_level_category:业务单元本部_and_physical_level:lte_4,三级授权
55004843,商业运营组,蝶城发展中心,蝶城发展中心,万物云_蝶城发展中心_住这儿产品业务部_商业运营组,业务单元本部,4,二级授权,process_level_category:业务单元本部_and_physical_level:lte_4,三级授权
55006189,家服支持组,蝶城发展中心,蝶城发展中心,万物云_蝶城发展中心_数智驱动部_家服支持组,业务单元本部,4,二级授权,process_level_category:业务单元本部_and_physical_level:lte_4,三级授权
55007357,经营分析组,蝶城发展中心,蝶城发展中心,万物云_蝶城发展中心_数智驱动部_经营分析组,业务单元本部,4,二级授权,process_level_category:业务单元本部_and_physical_level:lte_4,三级授权
55009023,云朵运营组,蝶城发展中心,蝶城发展中心,万物云_蝶城发展中心_员工赋能部_云朵运营组,业务单元本部,4,二级授权,process_level_category:业务单元本部_and_physical_level:lte_4,三级授权
50916260,华南朴邻,万物为家,蝶城发展中心,万物云_蝶城发展中心_万物为家_华南朴邻,业务单元本部,4,二级授权,process_level_category:业务单元本部_and_physical_level:lte_4,三级授权
50916261,华东朴邻,万物为家,蝶城发展中心,万物云_蝶城发展中心_万物为家_华东朴邻,业务单元本部,4,二级授权,process_level_category:业务单元本部_and_physical_level:lte_4,三级授权
50916262,华北朴邻,万物为家,蝶城发展中心,万物云_蝶城发展中心_万物为家_华北朴邻,业务单元本部,4,二级授权,process_level_category:业务单元本部_and_physical_level:lte_4,三级授权
50916263,中西朴邻,万物为家,蝶城发展中心,万物云_蝶城发展中心_万物为家_中西朴邻,业务单元本部,4,二级授权,process_level_category:业务单元本部_and_physical_level:lte_4,三级授权
50925890,数智驱动中心,万物为家,蝶城发展中心,万物云_蝶城发展中心_万物为家_数智驱动中心,业务单元本部,4,二级授权,process_level_category:业务单元本部_and_physical_level:lte_4,三级授权
50925929,财务及运营管理部,万物为家,蝶城发展中心,万物云_蝶城发展中心_万物为家_财务及运营管理部,业务单元本部,4,二级授权,process_level_category:业务单元本部_and_physical_level:lte_4,三级授权
50925930,人力资源与行政服务部,万物为家,蝶城发展中心,万物云_蝶城发展中心_万物为家_人力资源与行政服务部,业务单元本部,4,二级授权,process_level_category:业务单元本部_and_physical_level:lte_4,三级授权
50926763,管理层,万物为家,蝶城发展中心,万物云_蝶城发展中心_万物为家_管理层,业务单元本部,4,二级授权,process_level_category:业务单元本部_and_physical_level:lte_4,三级授权
50942305,合作与服务发展部,万物为家,蝶城发展中心,万物云_蝶城发展中心_万物为家_合作与服务发展部,业务单元本部,4,二级授权,process_level_category:业务单元本部_and_physical_level:lte_4,三级授权
50949636,参谋部,万物为家,蝶城发展中心,万物云_蝶城发展中心_万物为家_参谋部,业务单元本部,4,二级授权,process_level_category:业务单元本部_and_physical_level:lte_4,三级授权
50954687,居有屋业务部,万物为家,蝶城发展中心,万物云_蝶城发展中心_万物为家_居有屋业务部,业务单元本部,4,二级授权,process_level_category:业务单元本部_and_physical_level:lte_4,三级授权
50963432,品牌营运中心,万物为家,蝶城发展中心,万物云_蝶城发展中心_万物为家_品牌营运中心,业务单元本部,4,二级授权,process_level_category:业务单元本部_and_physical_level:lte_4,三级授权
50907187,解决方案,福讯信息,福讯信息,万物云_福讯信息_市场中心_解决方案,业务单元本部,4,二级授权,process_level_category:业务单元本部_and_physical_level:lte_4,三级授权
50907189,市场管理部,福讯信息,福讯信息,万物云_福讯信息_市场中心_市场管理部,业务单元本部,4,二级授权,process_level_category:业务单元本部_and_physical_level:lte_4,三级授权
50916814,技术架构与方案交付,福讯信息,福讯信息,万物云_福讯信息_SaaS产品中心_技术架构与方案交付,业务单元本部,4,二级授权,process_level_category:业务单元本部_and_physical_level:lte_4,三级授权
50916815,平台运营,福讯信息,福讯信息,万物云_福讯信息_SaaS产品中心_平台运营,业务单元本部,4,二级授权,process_level_category:业务单元本部_and_physical_level:lte_4,三级授权
50916859,集中商业,福讯信息,福讯信息,万物云_福讯信息_SaaS产品中心_集中商业,业务单元本部,4,二级授权,process_level_category:业务单元本部_and_physical_level:lte_4,三级授权
50927175,方案解决,福讯信息,福讯信息,万物云_福讯信息_业务与解决方案_方案解决,业务单元本部,4,二级授权,process_level_category:业务单元本部_and_physical_level:lte_4,三级授权
50927276,渠道合作50927276,福讯信息,福讯信息,万物云_福讯信息_SaaS产品中心_渠道合作50927276,业务单元本部,4,二级授权,process_level_category:业务单元本部_and_physical_level:lte_4,三级授权
50927277,社区商业,福讯信息,福讯信息,万物云_福讯信息_SaaS产品中心_社区商业,业务单元本部,4,二级授权,process_level_category:业务单元本部_and_physical_level:lte_4,三级授权
50943282,SaaS产品,福讯信息,福讯信息,万物云_福讯信息_SaaS产品中心_SaaS产品,业务单元本部,4,二级授权,process_level_category:业务单元本部_and_physical_level:lte_4,三级授权
50943283,财务运营,福讯信息,福讯信息,万物云_福讯信息_业务支持部_财务运营,业务单元本部,4,二级授权,process_level_category:业务单元本部_and_physical_level:lte_4,三级授权
50943303,渠道合作,福讯信息,福讯信息,万物云_福讯信息_SaaS产品中心_渠道合作,业务单元本部,4,二级授权,process_level_category:业务单元本部_and_physical_level:lte_4,三级授权
50943304,产品部,福讯信息,福讯信息,万物云_福讯信息_市场中心_产品部,业务单元本部,4,二级授权,process_level_category:业务单元本部_and_physical_level:lte_4,三级授权
50943309,业务管理,福讯信息,福讯信息,万物云_福讯信息_业务与解决方案_业务管理,业务单元本部,4,二级授权,process_level_category:业务单元本部_and_physical_level:lte_4,三级授权
50943310,人事行政,福讯信息,福讯信息,万物云_福讯信息_业务支持部_人事行政,业务单元本部,4,二级授权,process_level_category:业务单元本部_and_physical_level:lte_4,三级授权
50951879,市场拓展部,福讯信息,福讯信息,万物云_福讯信息_市场中心_市场拓展部,业务单元本部,4,二级授权,process_level_category:业务单元本部_and_physical_level:lte_4,三级授权
50958576,财务运营部,福讯信息,福讯信息,万物云_福讯信息_支持中心_财务运营部,业务单元本部,4,二级授权,process_level_category:业务单元本部_and_physical_level:lte_4,三级授权
50962871,权益合作,福讯信息,福讯信息,万物云_福讯信息_市场中心_权益合作,业务单元本部,4,二级授权,process_level_category:业务单元本部_and_physical_level:lte_4,三级授权
50966333,人事行政部,福讯信息,福讯信息,万物云_福讯信息_支持中心_人事行政部,业务单元本部,4,二级授权,process_level_category:业务单元本部_and_physical_level:lte_4,三级授权
50940534,阳光智博,阳光智博,投资与创新发展中心,万物云_投资与创新发展中心_万物成长被投企业_阳光智博,业务单元本部,4,二级授权,process_level_category:业务单元本部_and_physical_level:lte_4,三级授权
50834735,R福州永荣浅水湾,A24福州第四分公司,万科物业,万物云_万科物业_A24福州第四分公司_R福州永荣浅水湾,业务单元本部,4,二级授权,process_level_category:业务单元本部_and_physical_level:lte_4,三级授权
50948632,A24福州第四分公司本部,A24福州第四分公司,万科物业,万物云_万科物业_A24福州第四分公司_A24福州第四分公司本部,业务单元本部,4,二级授权,process_level_category:业务单元本部_and_physical_level:lte_4,三级授权
50948633,A24福州第四分公司市场,A24福州第四分公司,万科物业,万物云_万科物业_A24福州第四分公司_A24福州第四分公司市场,业务单元本部,4,二级授权,process_level_category:业务单元本部_and_physical_level:lte_4,三级授权
50659310,Q杭州名城公,B04杭州第三分公司,万科物业,万物云_万科物业_B04杭州第三分公司_Q杭州名城公,业务单元本部,4,二级授权,process_level_category:业务单元本部_and_physical_level:lte_4,三级授权
50659311,Q杭州雅戈尔,B04杭州第三分公司,万科物业,万物云_万科物业_B04杭州第三分公司_Q杭州雅戈尔,业务单元本部,4,二级授权,process_level_category:业务单元本部_and_physical_level:lte_4,三级授权
50659312,Z杭州雅戈尔,B04杭州第三分公司,万科物业,万物云_万科物业_B04杭州第三分公司_Z杭州雅戈尔,业务单元本部,4,二级授权,process_level_category:业务单元本部_and_physical_level:lte_4,三级授权
50659313,杭州西溪蝶园50659313,B04杭州第三分公司,万科物业,万物云_万科物业_B04杭州第三分公司_杭州西溪蝶园50659313,业务单元本部,4,二级授权,process_level_category:业务单元本部_and_physical_level:lte_4,三级授权
50659314,杭州西溪蝶园50659314,B04杭州第三分公司,万科物业,万物云_万科物业_B04杭州第三分公司_杭州西溪蝶园50659314,业务单元本部,4,二级授权,process_level_category:业务单元本部_and_physical_level:lte_4,三级授权
50659315,K杭州荆山翠,B04杭州第三分公司,万科物业,万物云_万科物业_B04杭州第三分公司_K杭州荆山翠,业务单元本部,4,二级授权,process_level_category:业务单元本部_and_physical_level:lte_4,三级授权
50659316,K杭州赞成·,B04杭州第三分公司,万科物业,万物云_万科物业_B04杭州第三分公司_K杭州赞成·,业务单元本部,4,二级授权,process_level_category:业务单元本部_and_physical_level:lte_4,三级授权
50659317,K杭州赞成乐,B04杭州第三分公司,万科物业,万物云_万科物业_B04杭州第三分公司_K杭州赞成乐,业务单元本部,4,二级授权,process_level_category:业务单元本部_and_physical_level:lte_4,三级授权
50659318,Z杭州凤山花,B04杭州第三分公司,万科物业,万物云_万科物业_B04杭州第三分公司_Z杭州凤山花,业务单元本部,4,二级授权,process_level_category:业务单元本部_and_physical_level:lte_4,三级授权
50659319,Z杭州国都公,B04杭州第三分公司,万科物业,万物云_万科物业_B04杭州第三分公司_Z杭州国都公,业务单元本部,4,二级授权,process_level_category:业务单元本部_and_physical_level:lte_4,三级授权
50659320,Z杭州西鉴枫,B04杭州第三分公司,万科物业,万物云_万科物业_B04杭州第三分公司_Z杭州西鉴枫,业务单元本部,4,二级授权,process_level_category:业务单元本部_and_physical_level:lte_4,三级授权
50659321,Z杭州西铭苑,B04杭州第三分公司,万科物业,万物云_万科物业_B04杭州第三分公司_Z杭州西铭苑,业务单元本部,4,二级授权,process_level_category:业务单元本部_and_physical_level:lte_4,三级授权
50659322,Z杭州长堤明,B04杭州第三分公司,万科物业,万物云_万科物业_B04杭州第三分公司_Z杭州长堤明,业务单元本部,4,二级授权,process_level_category:业务单元本部_and_physical_level:lte_4,三级授权
50661342,杭州宸北花苑,B04杭州第三分公司,万科物业,万物云_万科物业_B04杭州第三分公司_杭州宸北花苑,业务单元本部,4,二级授权,process_level_category:业务单元本部_and_physical_level:lte_4,三级授权
50661343,杭州西溪正庐,B04杭州第三分公司,万科物业,万物云_万科物业_B04杭州第三分公司_杭州西溪正庐,业务单元本部,4,二级授权,process_level_category:业务单元本部_and_physical_level:lte_4,三级授权
50661442,杭州凯德龙湾,B04杭州第三分公司,万科物业,万物云_万科物业_B04杭州第三分公司_杭州凯德龙湾,业务单元本部,4,二级授权,process_level_category:业务单元本部_and_physical_level:lte_4,三级授权
50663166,杭州金色城品,B04杭州第三分公司,万科物业,万物云_万科物业_B04杭州第三分公司_杭州金色城品,业务单元本部,4,二级授权,process_level_category:业务单元本部_and_physical_level:lte_4,三级授权
50663920,管理中心本部,B04杭州第三分公司,万科物业,万物云_万科物业_B04杭州第三分公司_管理中心本部,业务单元本部,4,二级授权,process_level_category:业务单元本部_and_physical_level:lte_4,三级授权
50690352,Q杭州水岸枫,B04杭州第三分公司,万科物业,万物云_万科物业_B04杭州第三分公司_Q杭州水岸枫,业务单元本部,4,二级授权,process_level_category:业务单元本部_and_physical_level:lte_4,三级授权
50690353,Q杭州海派风,B04杭州第三分公司,万科物业,万物云_万科物业_B04杭州第三分公司_Q杭州海派风,业务单元本部,4,二级授权,process_level_category:业务单元本部_and_physical_level:lte_4,三级授权
50703832,杭州西溪名庐,B04杭州第三分公司,万科物业,万物云_万科物业_B04杭州第三分公司_杭州西溪名庐,业务单元本部,4,二级授权,process_level_category:业务单元本部_and_physical_level:lte_4,三级授权
50834788,Z杭州富春居,B04杭州第三分公司,万科物业,万物云_万科物业_B04杭州第三分公司_Z杭州富春居,业务单元本部,4,二级授权,process_level_category:业务单元本部_and_physical_level:lte_4,三级授权
50834848,Z杭州凤山花苑50834848,B04杭州第三分公司,万科物业,万物云_万科物业_B04杭州第三分公司_Z杭州凤山花苑50834848,业务单元本部,4,二级授权,process_level_category:业务单元本部_and_physical_level:lte_4,三级授权
50834849,Z杭州国都公寓50834849,B04杭州第三分公司,万科物业,万物云_万科物业_B04杭州第三分公司_Z杭州国都公寓50834849,业务单元本部,4,二级授权,process_level_category:业务单元本部_and_physical_level:lte_4,三级授权
50834851,Z杭州西铭苑50834851,B04杭州第三分公司,万科物业,万物云_万科物业_B04杭州第三分公司_Z杭州西铭苑50834851,业务单元本部,4,二级授权,process_level_category:业务单元本部_and_physical_level:lte_4,三级授权
50834855,B04杭州第三分公司本部,B04杭州第三分公司,万科物业,万物云_万科物业_B04杭州第三分公司_B04杭州第三分公司本部,业务单元本部,4,二级授权,process_level_category:业务单元本部_and_physical_level:lte_4,三级授权
50941818,B04杭州第三分公司市场,B04杭州第三分公司,万科物业,万物云_万科物业_B04杭州第三分公司_B04杭州第三分公司市场,业务单元本部,4,二级授权,process_level_category:业务单元本部_and_physical_level:lte_4,三级授权
50945691,杭州云空城星之里筹备组,B04杭州第三分公司,万科物业,万物云_万科物业_B04杭州第三分公司_杭州云空城星之里筹备组,业务单元本部,4,二级授权,process_level_category:业务单元本部_and_physical_level:lte_4,三级授权
50945692,杭州云空城风之筑筹备组,B04杭州第三分公司,万科物业,万物云_万科物业_B04杭州第三分公司_杭州云空城风之筑筹备组,业务单元本部,4,二级授权,process_level_category:业务单元本部_and_physical_level:lte_4,三级授权
50501581,管理中心本部50501581,B08宁波第四分公司,万科物业,万物云_万科物业_B08宁波第四分公司_管理中心本部50501581,业务单元本部,4,二级授权,process_level_category:业务单元本部_and_physical_level:lte_4,三级授权
50501582,宁波云鹭湾50501582,B08宁波第四分公司,万科物业,万物云_万科物业_B08宁波第四分公司_宁波云鹭湾50501582,业务单元本部,4,二级授权,process_level_category:业务单元本部_and_physical_level:lte_4,三级授权
50501583,宁波万科城50501583,B08宁波第四分公司,万科物业,万物云_万科物业_B08宁波第四分公司_宁波万科城50501583,业务单元本部,4,二级授权,process_level_category:业务单元本部_and_physical_level:lte_4,三级授权
50512445,旧-宁波沧海,B08宁波第四分公司,万科物业,万物云_万科物业_B08宁波第四分公司_旧-宁波沧海,业务单元本部,4,二级授权,process_level_category:业务单元本部_and_physical_level:lte_4,三级授权
50552549,旧-Z宁波香,B08宁波第四分公司,万科物业,万物云_万科物业_B08宁波第四分公司_旧-Z宁波香,业务单元本部,4,二级授权,process_level_category:业务单元本部_and_physical_level:lte_4,三级授权
50552550,Z宁波乐筑良,B08宁波第四分公司,万科物业,万物云_万科物业_B08宁波第四分公司_Z宁波乐筑良,业务单元本部,4,二级授权,process_level_category:业务单元本部_and_physical_level:lte_4,三级授权
50552551,Z宁波新海景,B08宁波第四分公司,万科物业,万物云_万科物业_B08宁波第四分公司_Z宁波新海景,业务单元本部,4,二级授权,process_level_category:业务单元本部_and_physical_level:lte_4,三级授权
50552552,Z宁波湖景花,B08宁波第四分公司,万科物业,万物云_万科物业_B08宁波第四分公司_Z宁波湖景花,业务单元本部,4,二级授权,process_level_category:业务单元本部_and_physical_level:lte_4,三级授权
50552553,旧-Z宁波西,B08宁波第四分公司,万科物业,万物云_万科物业_B08宁波第四分公司_旧-Z宁波西,业务单元本部,4,二级授权,process_level_category:业务单元本部_and_physical_level:lte_4,三级授权
50552554,旧-Z宁波雅,B08宁波第四分公司,万科物业,万物云_万科物业_B08宁波第四分公司_旧-Z宁波雅,业务单元本部,4,二级授权,process_level_category:业务单元本部_and_physical_level:lte_4,三级授权
50552555,Z宁波莱茵堡,B08宁波第四分公司,万科物业,万物云_万科物业_B08宁波第四分公司_Z宁波莱茵堡,业务单元本部,4,二级授权,process_level_category:业务单元本部_and_physical_level:lte_4,三级授权
50595663,旧-Z余姚泗,B08宁波第四分公司,万科物业,万物云_万科物业_B08宁波第四分公司_旧-Z余姚泗,业务单元本部,4,二级授权,process_level_category:业务单元本部_and_physical_level:lte_4,三级授权
50643154,宁波万科城东,B08宁波第四分公司,万科物业,万物云_万科物业_B08宁波第四分公司_宁波万科城东,业务单元本部,4,二级授权,process_level_category:业务单元本部_and_physical_level:lte_4,三级授权
50659254,Z宁波长岛花,B08宁波第四分公司,万科物业,万物云_万科物业_B08宁波第四分公司_Z宁波长岛花,业务单元本部,4,二级授权,process_level_category:业务单元本部_and_physical_level:lte_4,三级授权
50659255,K宁波耐森海,B08宁波第四分公司,万科物业,万物云_万科物业_B08宁波第四分公司_K宁波耐森海,业务单元本部,4,二级授权,process_level_category:业务单元本部_and_physical_level:lte_4,三级授权
50659256,K宁波耐森香,B08宁波第四分公司,万科物业,万物云_万科物业_B08宁波第四分公司_K宁波耐森香,业务单元本部,4,二级授权,process_level_category:业务单元本部_and_physical_level:lte_4,三级授权
50659257,K宁波耐森骆,B08宁波第四分公司,万科物业,万物云_万科物业_B08宁波第四分公司_K宁波耐森骆,业务单元本部,4,二级授权,process_level_category:业务单元本部_and_physical_level:lte_4,三级授权
50659258,K宁波耐森阳,B08宁波第四分公司,万科物业,万物云_万科物业_B08宁波第四分公司_K宁波耐森阳,业务单元本部,4,二级授权,process_level_category:业务单元本部_and_physical_level:lte_4,三级授权
50834915,K宁波耐森骆城芳洲50834915,B08宁波第四分公司,万科物业,万物云_万科物业_B08宁波第四分公司_K宁波耐森骆城芳洲50834915,业务单元本部,4,二级授权,process_level_category:业务单元本部_and_physical_level:lte_4,三级授权
50834916,K宁波耐森香河湾50834916,B08宁波第四分公司,万科物业,万物云_万科物业_B08宁波第四分公司_K宁波耐森香河湾50834916,业务单元本部,4,二级授权,process_level_category:业务单元本部_and_physical_level:lte_4,三级授权
50834917,K宁波耐森阳光清晨花苑50834917,B08宁波第四分公司,万科物业,万物云_万科物业_B08宁波第四分公司_K宁波耐森阳光清晨花苑50834917,业务单元本部,4,二级授权,process_level_category:业务单元本部_and_physical_level:lte_4,三级授权
50834923,B08宁波第四分公司本部,B08宁波第四分公司,万科物业,万物云_万科物业_B08宁波第四分公司_B08宁波第四分公司本部,业务单元本部,4,二级授权,process_level_category:业务单元本部_and_physical_level:lte_4,三级授权
50834948,K宁波耐森城市阳光,B08宁波第四分公司,万科物业,万物云_万科物业_B08宁波第四分公司_K宁波耐森城市阳光,业务单元本部,4,二级授权,process_level_category:业务单元本部_and_physical_level:lte_4,三级授权
50904326,宁波万科都心里,B08宁波第四分公司,万科物业,万物云_万科物业_B08宁波第四分公司_宁波万科都心里,业务单元本部,4,二级授权,process_level_category:业务单元本部_and_physical_level:lte_4,三级授权
50912128,宁波东北阵地经营体朴邻,B08宁波第四分公司,万科物业,万物云_万科物业_B08宁波第四分公司_宁波东北阵地经营体朴邻,业务单元本部,4,二级授权,process_level_category:业务单元本部_and_physical_level:lte_4,三级授权
50919501,B08宁波东北阵地经营体,B08宁波第四分公司,万科物业,万物云_万科物业_B08宁波第四分公司_B08宁波东北阵地经营体,业务单元本部,4,二级授权,process_level_category:业务单元本部_and_physical_level:lte_4,三级授权
50919558,B08宁波东北阵地经营体50919558,B08宁波第四分公司,万科物业,万物云_万科物业_B08宁波第四分公司_B08宁波东北阵地经营体50919558,业务单元本部,4,二级授权,process_level_category:业务单元本部_and_physical_level:lte_4,三级授权
50941822,B08宁波第四分公司市场,B08宁波第四分公司,万科物业,万物云_万科物业_B08宁波第四分公司_B08宁波第四分公司市场,业务单元本部,4,二级授权,process_level_category:业务单元本部_and_physical_level:lte_4,三级授权
50974892,B58上海第八分公司本部,B58上海第八分公司50974828,万科物业,万物云_万科物业_B58上海第八分公司50974828_B58上海第八分公司本部,业务单元本部,4,二级授权,process_level_category:业务单元本部_and_physical_level:lte_4,三级授权
50974893,B63宁波第三分公司本部,B63宁波第三分公司50974829,万科物业,万物云_万科物业_B63宁波第三分公司50974829_B63宁波第三分公司本部,业务单元本部,4,二级授权,process_level_category:业务单元本部_and_physical_level:lte_4,三级授权
50911938,吉林江城物业管理部本部,C09吉林江城物业管理部,万科物业,万物云_万科物业_C09吉林江城物业管理部_吉林江城物业管理部本部,业务单元本部,4,二级授权,process_level_category:业务单元本部_and_physical_level:lte_4,三级授权
50911942,青岛环城管理中心本部,D14青岛环城物业管理部,万科物业,万物云_万科物业_D14青岛环城物业管理部_青岛环城管理中心本部,业务单元本部,4,二级授权,process_level_category:业务单元本部_and_physical_level:lte_4,三级授权
50911956,济南临淄管理中心本部,D15济南临淄物业管理部,万科物业,万物云_万科物业_D15济南临淄物业管理部_济南临淄管理中心本部,业务单元本部,4,二级授权,process_level_category:业务单元本部_and_physical_level:lte_4,三级授权
50921295,济南万科山望花园50921295,D15济南临淄物业管理部,万科物业,万物云_万科物业_D15济南临淄物业管理部_济南万科山望花园50921295,业务单元本部,4,二级授权,process_level_category:业务单元本部_and_physical_level:lte_4,三级授权
50974894,E73合肥第三分公司本部,E73合肥第三分公司50974830,万科物业,万物云_万科物业_E73合肥第三分公司50974830_E73合肥第三分公司本部,业务单元本部,4,二级授权,process_level_category:业务单元本部_and_physical_level:lte_4,三级授权
50974895,F76中山第二分公司本部,F76中山第二分公司50974831,万科物业,万物云_万科物业_F76中山第二分公司50974831_F76中山第二分公司本部,业务单元本部,4,二级授权,process_level_category:业务单元本部_and_physical_level:lte_4,三级授权
50974896,G58武汉第五分公司本部,G58武汉第五分公司50974832,万科物业,万物云_万科物业_G58武汉第五分公司50974832_G58武汉第五分公司本部,业务单元本部,4,二级授权,process_level_category:业务单元本部_and_physical_level:lte_4,三级授权
50974891,成都万科知园B地块,H58成都第六分公司50974833,万科物业,万物云_万科物业_H58成都第六分公司50974833_成都万科知园B地块,业务单元本部,4,二级授权,process_level_category:业务单元本部_and_physical_level:lte_4,三级授权
50974897,H58成都第六分公司本部,H58成都第六分公司50974833,万科物业,万物云_万科物业_H58成都第六分公司50974833_H58成都第六分公司本部,业务单元本部,4,二级授权,process_level_category:业务单元本部_and_physical_level:lte_4,三级授权
55005469,ZZ职能管理组,ZZ职能管理组,万科物业,万物云_万科物业_住宅项目孵化中心_ZZ职能管理组,业务单元本部,4,二级授权,process_level_category:业务单元本部_and_physical_level:lte_4,三级授权
50926650,华北区域分部,华北区域分部,万科物业,万物云_万科物业_数字运营中心_华北区域分部,业务单元本部,4,二级授权,process_level_category:业务单元本部_and_physical_level:lte_4,三级授权
50926701,华东区域分部,华东区域分部,万科物业,万物云_万科物业_数字运营中心_华东区域分部,业务单元本部,4,二级授权,process_level_category:业务单元本部_and_physical_level:lte_4,三级授权
50926649,华南区域分部,华南区域分部,万科物业,万物云_万科物业_数字运营中心_华南区域分部,业务单元本部,4,二级授权,process_level_category:业务单元本部_and_physical_level:lte_4,三级授权
50916322,BS数字产品组,数字运营中心,万科物业,万物云_万科物业_数字运营中心_BS数字产品组,业务单元本部,4,二级授权,process_level_category:业务单元本部_and_physical_level:lte_4,三级授权
50916330,CS数字产品组,数字运营中心,万科物业,万物云_万科物业_数字运营中心_CS数字产品组,业务单元本部,4,二级授权,process_level_category:业务单元本部_and_physical_level:lte_4,三级授权
50920232,数据管理部,数字运营中心,万科物业,万物云_万科物业_数字运营中心_数据管理部,业务单元本部,4,二级授权,process_level_category:业务单元本部_and_physical_level:lte_4,三级授权
50923159,数字运营本部,数字运营中心,万科物业,万物云_万科物业_数字运营中心_数字运营本部,业务单元本部,4,二级授权,process_level_category:业务单元本部_and_physical_level:lte_4,三级授权
50927875,BPaaS产品中心,数字运营中心,万科物业,万物云_万科物业_数字运营中心_BPaaS产品中心,业务单元本部,4,二级授权,process_level_category:业务单元本部_and_physical_level:lte_4,三级授权
50927973,住宅运营中心50927973,数字运营中心,万科物业,万物云_万科物业_数字运营中心_住宅运营中心50927973,业务单元本部,4,二级授权,process_level_category:业务单元本部_and_physical_level:lte_4,三级授权
50927974,区域分部50927974,数字运营中心,万科物业,万物云_万科物业_数字运营中心_区域分部50927974,业务单元本部,4,二级授权,process_level_category:业务单元本部_and_physical_level:lte_4,三级授权
50927977,区域分部50927977,数字运营中心,万科物业,万物云_万科物业_数字运营中心_区域分部50927977,业务单元本部,4,二级授权,process_level_category:业务单元本部_and_physical_level:lte_4,三级授权
50927978,智能机械产品中心,数字运营中心,万科物业,万物云_万科物业_数字运营中心_智能机械产品中心,业务单元本部,4,二级授权,process_level_category:业务单元本部_and_physical_level:lte_4,三级授权
50931778,万净环卫科技,数字运营中心,万科物业,万物云_万科物业_数字运营中心_万净环卫科技,业务单元本部,4,二级授权,process_level_category:业务单元本部_and_physical_level:lte_4,三级授权
50942405,产品部,数字运营中心,万科物业,万物云_万科物业_数字运营中心_产品部,业务单元本部,4,二级授权,process_level_category:业务单元本部_and_physical_level:lte_4,三级授权
50942406,技术开发部,数字运营中心,万科物业,万物云_万科物业_数字运营中心_技术开发部,业务单元本部,4,二级授权,process_level_category:业务单元本部_and_physical_level:lte_4,三级授权
50942407,业务支持部,数字运营中心,万科物业,万物云_万科物业_数字运营中心_业务支持部,业务单元本部,4,二级授权,process_level_category:业务单元本部_and_physical_level:lte_4,三级授权
50943632,管理层,数字运营中心,万科物业,万物云_万科物业_数字运营中心_管理层,业务单元本部,4,二级授权,process_level_category:业务单元本部_and_physical_level:lte_4,三级授权
50953995,运营服务部,数字运营中心,万科物业,万物云_万科物业_数字运营中心_运营服务部,业务单元本部,4,二级授权,process_level_category:业务单元本部_and_physical_level:lte_4,三级授权
50954146,产品服务部,数字运营中心,万科物业,万物云_万科物业_数字运营中心_产品服务部,业务单元本部,4,二级授权,process_level_category:业务单元本部_and_physical_level:lte_4,三级授权
50968095,云服务发展部,数字运营中心,万科物业,万物云_万科物业_数字运营中心_云服务发展部,业务单元本部,4,二级授权,process_level_category:业务单元本部_and_physical_level:lte_4,三级授权
50942311,合作与服务发展部本部,万科物业,万科物业,万物云_万科物业_合作与服务发展部_合作与服务发展部本部,业务单元本部,4,二级授权,process_level_category:业务单元本部_and_physical_level:lte_4,三级授权
50954944,市场组,万科物业,万科物业,万物云_万科物业_合作与服务发展部_市场组,业务单元本部,4,二级授权,process_level_category:业务单元本部_and_physical_level:lte_4,三级授权
50971774,北部资产销售组50971774,万科物业,万科物业,万物云_万科物业_资产运营部_北部资产销售组50971774,业务单元本部,4,二级授权,process_level_category:业务单元本部_and_physical_level:lte_4,三级授权
50971775,中西资产销售组50971775,万科物业,万科物业,万物云_万科物业_资产运营部_中西资产销售组50971775,业务单元本部,4,二级授权,process_level_category:业务单元本部_and_physical_level:lte_4,三级授权
50971776,东南资产销售组50971776,万科物业,万科物业,万物云_万科物业_资产运营部_东南资产销售组50971776,业务单元本部,4,二级授权,process_level_category:业务单元本部_and_physical_level:lte_4,三级授权
50971777,南部资产销售组50971777,万科物业,万科物业,万物云_万科物业_资产运营部_南部资产销售组50971777,业务单元本部,4,二级授权,process_level_category:业务单元本部_and_physical_level:lte_4,三级授权
50972352,深圳城市群市场组50972352,万科物业,万科物业,万物云_万科物业_合作与服务发展部_深圳城市群市场组50972352,业务单元本部,4,二级授权,process_level_category:业务单元本部_and_physical_level:lte_4,三级授权
50972353,琼桂城市群市场组50972353,万科物业,万科物业,万物云_万科物业_合作与服务发展部_琼桂城市群市场组50972353,业务单元本部,4,二级授权,process_level_category:业务单元本部_and_physical_level:lte_4,三级授权
50972354,厦门城市群市场组50972354,万科物业,万科物业,万物云_万科物业_合作与服务发展部_厦门城市群市场组50972354,业务单元本部,4,二级授权,process_level_category:业务单元本部_and_physical_level:lte_4,三级授权
50972355,福州城市群市场组50972355,万科物业,万科物业,万物云_万科物业_合作与服务发展部_福州城市群市场组50972355,业务单元本部,4,二级授权,process_level_category:业务单元本部_and_physical_level:lte_4,三级授权
50972356,甬嘉绍城市群市场组50972356,万科物业,万科物业,万物云_万科物业_合作与服务发展部_甬嘉绍城市群市场组50972356,业务单元本部,4,二级授权,process_level_category:业务单元本部_and_physical_level:lte_4,三级授权
50972357,沪通城市群市场组50972357,万科物业,万科物业,万物云_万科物业_合作与服务发展部_沪通城市群市场组50972357,业务单元本部,4,二级授权,process_level_category:业务单元本部_and_physical_level:lte_4,三级授权
50972358,杭州城市群市场组50972358,万科物业,万科物业,万物云_万科物业_合作与服务发展部_杭州城市群市场组50972358,业务单元本部,4,二级授权,process_level_category:业务单元本部_and_physical_level:lte_4,三级授权
50972359,吉黑城市群市场组50972359,万科物业,万科物业,万物云_万科物业_合作与服务发展部_吉黑城市群市场组50972359,业务单元本部,4,二级授权,process_level_category:业务单元本部_and_physical_level:lte_4,三级授权
50972360,辽宁城市群市场组50972360,万科物业,万科物业,万物云_万科物业_合作与服务发展部_辽宁城市群市场组50972360,业务单元本部,4,二级授权,process_level_category:业务单元本部_and_physical_level:lte_4,三级授权
50972361,山东城市群市场组50972361,万科物业,万科物业,万物云_万科物业_合作与服务发展部_山东城市群市场组50972361,业务单元本部,4,二级授权,process_level_category:业务单元本部_and_physical_level:lte_4,三级授权
50972362,津晋城市群市场组50972362,万科物业,万科物业,万物云_万科物业_合作与服务发展部_津晋城市群市场组50972362,业务单元本部,4,二级授权,process_level_category:业务单元本部_and_physical_level:lte_4,三级授权
50972363,京冀城市群市场组50972363,万科物业,万科物业,万物云_万科物业_合作与服务发展部_京冀城市群市场组50972363,业务单元本部,4,二级授权,process_level_category:业务单元本部_and_physical_level:lte_4,三级授权
50972364,苏南城市群市场组50972364,万科物业,万科物业,万物云_万科物业_合作与服务发展部_苏南城市群市场组50972364,业务单元本部,4,二级授权,process_level_category:业务单元本部_and_physical_level:lte_4,三级授权
50972365,安徽城市群市场组50972365,万科物业,万科物业,万物云_万科物业_合作与服务发展部_安徽城市群市场组50972365,业务单元本部,4,二级授权,process_level_category:业务单元本部_and_physical_level:lte_4,三级授权
50972366,南京城市群市场组50972366,万科物业,万科物业,万物云_万科物业_合作与服务发展部_南京城市群市场组50972366,业务单元本部,4,二级授权,process_level_category:业务单元本部_and_physical_level:lte_4,三级授权
50972367,佛山城市群市场组50972367,万科物业,万科物业,万物云_万科物业_合作与服务发展部_佛山城市群市场组50972367,业务单元本部,4,二级授权,process_level_category:业务单元本部_and_physical_level:lte_4,三级授权
50972368,广州城市群市场组50972368,万科物业,万科物业,万物云_万科物业_合作与服务发展部_广州城市群市场组50972368,业务单元本部,4,二级授权,process_level_category:业务单元本部_and_physical_level:lte_4,三级授权
50972369,西北城市群市场组50972369,万科物业,万科物业,万物云_万科物业_合作与服务发展部_西北城市群市场组50972369,业务单元本部,4,二级授权,process_level_category:业务单元本部_and_physical_level:lte_4,三级授权
50972370,鄂豫城市群市场组50972370,万科物业,万科物业,万物云_万科物业_合作与服务发展部_鄂豫城市群市场组50972370,业务单元本部,4,二级授权,process_level_category:业务单元本部_and_physical_level:lte_4,三级授权
50972371,湘赣城市群市场组50972371,万科物业,万科物业,万物云_万科物业_合作与服务发展部_湘赣城市群市场组50972371,业务单元本部,4,二级授权,process_level_category:业务单元本部_and_physical_level:lte_4,三级授权
50972372,渝贵城市群市场组50972372,万科物业,万科物业,万物云_万科物业_合作与服务发展部_渝贵城市群市场组50972372,业务单元本部,4,二级授权,process_level_category:业务单元本部_and_physical_level:lte_4,三级授权
50972373,川云城市群市场组50972373,万科物业,万科物业,万物云_万科物业_合作与服务发展部_川云城市群市场组50972373,业务单元本部,4,二级授权,process_level_category:业务单元本部_and_physical_level:lte_4,三级授权
50974452,产品策划部,万科物业,万科物业,万物云_万科物业_万物智选发展中心50974316_产品策划部,业务单元本部,4,二级授权,process_level_category:业务单元本部_and_physical_level:lte_4,三级授权
50974453,产品运营部,万科物业,万科物业,万物云_万科物业_万物智选发展中心50974316_产品运营部,业务单元本部,4,二级授权,process_level_category:业务单元本部_and_physical_level:lte_4,三级授权
55000368,北部资产销售组,万科物业,万科物业,万物云_万科物业_资产运营部_北部资产销售组,业务单元本部,4,二级授权,process_level_category:业务单元本部_and_physical_level:lte_4,三级授权
55000369,中西资产销售组,万科物业,万科物业,万物云_万科物业_资产运营部_中西资产销售组,业务单元本部,4,二级授权,process_level_category:业务单元本部_and_physical_level:lte_4,三级授权
55000370,东南资产销售组,万科物业,万科物业,万物云_万科物业_资产运营部_东南资产销售组,业务单元本部,4,二级授权,process_level_category:业务单元本部_and_physical_level:lte_4,三级授权
55000371,南部资产销售组,万科物业,万科物业,万物云_万科物业_资产运营部_南部资产销售组,业务单元本部,4,二级授权,process_level_category:业务单元本部_and_physical_level:lte_4,三级授权
55000543,渝贵城市群市场组,万科物业,万科物业,万物云_万科物业_合作与服务发展部_渝贵城市群市场组,业务单元本部,4,二级授权,process_level_category:业务单元本部_and_physical_level:lte_4,三级授权
55000544,苏南城市群市场组,万科物业,万科物业,万物云_万科物业_合作与服务发展部_苏南城市群市场组,业务单元本部,4,二级授权,process_level_category:业务单元本部_and_physical_level:lte_4,三级授权
55000545,深圳城市群市场组,万科物业,万科物业,万物云_万科物业_合作与服务发展部_深圳城市群市场组,业务单元本部,4,二级授权,process_level_category:业务单元本部_and_physical_level:lte_4,三级授权
55000546,安徽城市群市场组,万科物业,万科物业,万物云_万科物业_合作与服务发展部_安徽城市群市场组,业务单元本部,4,二级授权,process_level_category:业务单元本部_and_physical_level:lte_4,三级授权
55000547,川云城市群市场组,万科物业,万科物业,万物云_万科物业_合作与服务发展部_川云城市群市场组,业务单元本部,4,二级授权,process_level_category:业务单元本部_and_physical_level:lte_4,三级授权
55000548,琼桂城市群市场组,万科物业,万科物业,万物云_万科物业_合作与服务发展部_琼桂城市群市场组,业务单元本部,4,二级授权,process_level_category:业务单元本部_and_physical_level:lte_4,三级授权
55000549,甬嘉绍城市群市场组,万科物业,万科物业,万物云_万科物业_合作与服务发展部_甬嘉绍城市群市场组,业务单元本部,4,二级授权,process_level_category:业务单元本部_and_physical_level:lte_4,三级授权
55000550,沪通城市群市场组,万科物业,万科物业,万物云_万科物业_合作与服务发展部_沪通城市群市场组,业务单元本部,4,二级授权,process_level_category:业务单元本部_and_physical_level:lte_4,三级授权
55000551,吉黑城市群市场组,万科物业,万科物业,万物云_万科物业_合作与服务发展部_吉黑城市群市场组,业务单元本部,4,二级授权,process_level_category:业务单元本部_and_physical_level:lte_4,三级授权
55000552,东北城市群市场组,万科物业,万科物业,万物云_万科物业_合作与服务发展部_东北城市群市场组,业务单元本部,4,二级授权,process_level_category:业务单元本部_and_physical_level:lte_4,三级授权
55000553,山东城市群市场组,万科物业,万科物业,万物云_万科物业_合作与服务发展部_山东城市群市场组,业务单元本部,4,二级授权,process_level_category:业务单元本部_and_physical_level:lte_4,三级授权
55000554,西北城市群市场组,万科物业,万科物业,万物云_万科物业_合作与服务发展部_西北城市群市场组,业务单元本部,4,二级授权,process_level_category:业务单元本部_and_physical_level:lte_4,三级授权
55000555,南京城市群市场组,万科物业,万科物业,万物云_万科物业_合作与服务发展部_南京城市群市场组,业务单元本部,4,二级授权,process_level_category:业务单元本部_and_physical_level:lte_4,三级授权
55000556,佛山城市群市场组,万科物业,万科物业,万物云_万科物业_合作与服务发展部_佛山城市群市场组,业务单元本部,4,二级授权,process_level_category:业务单元本部_and_physical_level:lte_4,三级授权
55000557,广州城市群市场组,万科物业,万科物业,万物云_万科物业_合作与服务发展部_广州城市群市场组,业务单元本部,4,二级授权,process_level_category:业务单元本部_and_physical_level:lte_4,三级授权
55000558,鄂豫城市群市场组,万科物业,万科物业,万物云_万科物业_合作与服务发展部_鄂豫城市群市场组,业务单元本部,4,二级授权,process_level_category:业务单元本部_and_physical_level:lte_4,三级授权
55000559,津晋城市群市场组,万科物业,万科物业,万物云_万科物业_合作与服务发展部_津晋城市群市场组,业务单元本部,4,二级授权,process_level_category:业务单元本部_and_physical_level:lte_4,三级授权
55000560,杭州城市群市场组,万科物业,万科物业,万物云_万科物业_合作与服务发展部_杭州城市群市场组,业务单元本部,4,二级授权,process_level_category:业务单元本部_and_physical_level:lte_4,三级授权
55000561,厦门城市群市场组,万科物业,万科物业,万物云_万科物业_合作与服务发展部_厦门城市群市场组,业务单元本部,4,二级授权,process_level_category:业务单元本部_and_physical_level:lte_4,三级授权
55000562,福州城市群市场组,万科物业,万科物业,万物云_万科物业_合作与服务发展部_福州城市群市场组,业务单元本部,4,二级授权,process_level_category:业务单元本部_and_physical_level:lte_4,三级授权
55000563,京冀城市群市场组,万科物业,万科物业,万物云_万科物业_合作与服务发展部_京冀城市群市场组,业务单元本部,4,二级授权,process_level_category:业务单元本部_and_physical_level:lte_4,三级授权
55000564,湘赣城市群市场组,万科物业,万科物业,万物云_万科物业_合作与服务发展部_湘赣城市群市场组,业务单元本部,4,二级授权,process_level_category:业务单元本部_and_physical_level:lte_4,三级授权
55002134,产品策划部,万科物业,万科物业,万物云_万科物业_产品能力发展中心_产品策划部,业务单元本部,4,二级授权,process_level_category:业务单元本部_and_physical_level:lte_4,三级授权
55002135,产品运营部,万科物业,万科物业,万物云_万科物业_产品能力发展中心_产品运营部,业务单元本部,4,二级授权,process_level_category:业务单元本部_and_physical_level:lte_4,三级授权
55002832,修缮市场组,万科物业,万科物业,万物云_万科物业_合作与服务发展部_修缮市场组,业务单元本部,4,二级授权,process_level_category:业务单元本部_and_physical_level:lte_4,三级授权
50968315,修缮产品部,修缮业务发展中心,万科物业,万物云_万科物业_修缮业务发展中心_修缮产品部,业务单元本部,4,二级授权,process_level_category:业务单元本部_and_physical_level:lte_4,三级授权
50968337,修缮业务发展中心本部,修缮业务发展中心,万科物业,万物云_万科物业_修缮业务发展中心_修缮业务发展中心本部,业务单元本部,4,二级授权,process_level_category:业务单元本部_and_physical_level:lte_4,三级授权
50968338,科技产品部,修缮业务发展中心,万科物业,万物云_万科物业_修缮业务发展中心_科技产品部,业务单元本部,4,二级授权,process_level_category:业务单元本部_and_physical_level:lte_4,三级授权
50968339,物业工程部,修缮业务发展中心,万科物业,万物云_万科物业_修缮业务发展中心_物业工程部,业务单元本部,4,二级授权,process_level_category:业务单元本部_and_physical_level:lte_4,三级授权
50968340,商务管理部,修缮业务发展中心,万科物业,万物云_万科物业_修缮业务发展中心_商务管理部,业务单元本部,4,二级授权,process_level_category:业务单元本部_and_physical_level:lte_4,三级授权
50927915,住宅运营中心,业务管理中心,万科物业,万物云_万科物业_业务管理中心_住宅运营中心,业务单元本部,4,二级授权,process_level_category:业务单元本部_and_physical_level:lte_4,三级授权
50928004,业务运营部,业务管理中心,万科物业,万物云_万科物业_业务管理中心_业务运营部,业务单元本部,4,二级授权,process_level_category:业务单元本部_and_physical_level:lte_4,三级授权
50942433,业务管理中心本部,业务管理中心,万科物业,万物云_万科物业_业务管理中心_业务管理中心本部,业务单元本部,4,二级授权,process_level_category:业务单元本部_and_physical_level:lte_4,三级授权
50954408,蝶城S1运营执行小组,业务管理中心,万科物业,万物云_万科物业_业务管理中心_蝶城S1运营执行小组,业务单元本部,4,二级授权,process_level_category:业务单元本部_and_physical_level:lte_4,三级授权
50954602,产品技术部,业务管理中心,万科物业,万物云_万科物业_业务管理中心_产品技术部,业务单元本部,4,二级授权,process_level_category:业务单元本部_and_physical_level:lte_4,三级授权
50958608,客户服务部,业务管理中心,万科物业,万物云_万科物业_业务管理中心_客户服务部,业务单元本部,4,二级授权,process_level_category:业务单元本部_and_physical_level:lte_4,三级授权
50962755,远程服务部,业务管理中心,万科物业,万物云_万科物业_业务管理中心_远程服务部,业务单元本部,4,二级授权,process_level_category:业务单元本部_and_physical_level:lte_4,三级授权
50962778,远程管理部,业务管理中心,万科物业,万物云_万科物业_业务管理中心_远程管理部,业务单元本部,4,二级授权,process_level_category:业务单元本部_and_physical_level:lte_4,三级授权
50926702,中西区域分部,中西区域分部,万科物业,万物云_万科物业_数字运营中心_中西区域分部,业务单元本部,4,二级授权,process_level_category:业务单元本部_and_physical_level:lte_4,三级授权
50943276,住宅项目孵化中心本部,住宅项目孵化中心,万科物业,万物云_万科物业_住宅项目孵化中心_住宅项目孵化中心本部,业务单元本部,4,二级授权,process_level_category:业务单元本部_and_physical_level:lte_4,三级授权
50947715,R莆田中央御景,住宅项目孵化中心,万科物业,万物云_万科物业_住宅项目孵化中心_R莆田中央御景,业务单元本部,4,二级授权,process_level_category:业务单元本部_and_physical_level:lte_4,三级授权
50836242,运营管理部,万睿科技,万睿科技,万物云_万睿科技_市场营销中心_运营管理部,业务单元本部,4,二级授权,process_level_category:业务单元本部_and_physical_level:lte_4,三级授权
50836246,工程技术部,万睿科技,万睿科技,万物云_万睿科技_集成交付中心_工程技术部,业务单元本部,4,二级授权,process_level_category:业务单元本部_and_physical_level:lte_4,三级授权
50836274,清远城市公司,万睿科技,万睿科技,万物云_万睿科技_一线城市公司_清远城市公司,业务单元本部,4,二级授权,process_level_category:业务单元本部_and_physical_level:lte_4,三级授权
50836282,LT01深圳机电运维,万睿科技,万睿科技,万物云_万睿科技_LT深圳区域_LT01深圳机电运维,业务单元本部,4,二级授权,process_level_category:业务单元本部_and_physical_level:lte_4,三级授权
50836283,LT02东莞机电运维,万睿科技,万睿科技,万物云_万睿科技_LT深圳区域_LT02东莞机电运维,业务单元本部,4,二级授权,process_level_category:业务单元本部_and_physical_level:lte_4,三级授权
50836284,LT03佛山机电运维,万睿科技,万睿科技,万物云_万睿科技_LT广州区域_LT03佛山机电运维,业务单元本部,4,二级授权,process_level_category:业务单元本部_and_physical_level:lte_4,三级授权
50836285,LT04广州机电运维,万睿科技,万睿科技,万物云_万睿科技_LT广州区域_LT04广州机电运维,业务单元本部,4,二级授权,process_level_category:业务单元本部_and_physical_level:lte_4,三级授权
50836286,LT05武汉机电运维,万睿科技,万睿科技,万物云_万睿科技_LT武汉区域_LT05武汉机电运维,业务单元本部,4,二级授权,process_level_category:业务单元本部_and_physical_level:lte_4,三级授权
50836287,LT06成都机电运维,万睿科技,万睿科技,万物云_万睿科技_LT成都区域_LT06成都机电运维,业务单元本部,4,二级授权,process_level_category:业务单元本部_and_physical_level:lte_4,三级授权
50836288,LT07南京机电运维,万睿科技,万睿科技,万物云_万睿科技_LT上海区域_LT07南京机电运维,业务单元本部,4,二级授权,process_level_category:业务单元本部_and_physical_level:lte_4,三级授权
50836289,LT08苏州机电运维,万睿科技,万睿科技,万物云_万睿科技_LT上海区域_LT08苏州机电运维,业务单元本部,4,二级授权,process_level_category:业务单元本部_and_physical_level:lte_4,三级授权
50836290,LT09长沙机电运维,万睿科技,万睿科技,万物云_万睿科技_LT广州区域_LT09长沙机电运维,业务单元本部,4,二级授权,process_level_category:业务单元本部_and_physical_level:lte_4,三级授权
50836291,LT10青岛机电运维,万睿科技,万睿科技,万物云_万睿科技_LT北京区域_LT10青岛机电运维,业务单元本部,4,二级授权,process_level_category:业务单元本部_and_physical_level:lte_4,三级授权
50836292,LT11厦门机电运维,万睿科技,万睿科技,万物云_万睿科技_LT深圳区域_LT11厦门机电运维,业务单元本部,4,二级授权,process_level_category:业务单元本部_and_physical_level:lte_4,三级授权
50836293,LT13无锡机电运维,万睿科技,万睿科技,万物云_万睿科技_LT上海区域_LT13无锡机电运维,业务单元本部,4,二级授权,process_level_category:业务单元本部_and_physical_level:lte_4,三级授权
50836294,LT14北京机电运维,万睿科技,万睿科技,万物云_万睿科技_LT北京区域_LT14北京机电运维,业务单元本部,4,二级授权,process_level_category:业务单元本部_and_physical_level:lte_4,三级授权
50836295,LT15沈阳机电运维,万睿科技,万睿科技,万物云_万睿科技_LT沈阳区域_LT15沈阳机电运维,业务单元本部,4,二级授权,process_level_category:业务单元本部_and_physical_level:lte_4,三级授权
50836296,LT16重庆机电运维,万睿科技,万睿科技,万物云_万睿科技_LT成都区域_LT16重庆机电运维,业务单元本部,4,二级授权,process_level_category:业务单元本部_and_physical_level:lte_4,三级授权
50836297,LT17上海机电运维,万睿科技,万睿科技,万物云_万睿科技_LT上海区域_LT17上海机电运维,业务单元本部,4,二级授权,process_level_category:业务单元本部_and_physical_level:lte_4,三级授权
50836298,LT18大连机电运维,万睿科技,万睿科技,万物云_万睿科技_LT沈阳区域_LT18大连机电运维,业务单元本部,4,二级授权,process_level_category:业务单元本部_and_physical_level:lte_4,三级授权
50836299,LT19西安机电运维,万睿科技,万睿科技,万物云_万睿科技_LT武汉区域_LT19西安机电运维,业务单元本部,4,二级授权,process_level_category:业务单元本部_and_physical_level:lte_4,三级授权
50836300,LT20长春机电运维,万睿科技,万睿科技,万物云_万睿科技_LT沈阳区域_LT20长春机电运维,业务单元本部,4,二级授权,process_level_category:业务单元本部_and_physical_level:lte_4,三级授权
50836301,LT21杭州机电运维,万睿科技,万睿科技,万物云_万睿科技_LT杭州区域_LT21杭州机电运维,业务单元本部,4,二级授权,process_level_category:业务单元本部_and_physical_level:lte_4,三级授权
50836302,LT22贵阳机电运维,万睿科技,万睿科技,万物云_万睿科技_LT成都区域_LT22贵阳机电运维,业务单元本部,4,二级授权,process_level_category:业务单元本部_and_physical_level:lte_4,三级授权
50836303,LT23昆明机电运维,万睿科技,万睿科技,万物云_万睿科技_LT成都区域_LT23昆明机电运维,业务单元本部,4,二级授权,process_level_category:业务单元本部_and_physical_level:lte_4,三级授权
50836304,LT24天津机电运维,万睿科技,万睿科技,万物云_万睿科技_LT北京区域_LT24天津机电运维,业务单元本部,4,二级授权,process_level_category:业务单元本部_and_physical_level:lte_4,三级授权
50836305,LT25宁波机电运维,万睿科技,万睿科技,万物云_万睿科技_LT杭州区域_LT25宁波机电运维,业务单元本部,4,二级授权,process_level_category:业务单元本部_and_physical_level:lte_4,三级授权
50836306,LT26郑州机电运维,万睿科技,万睿科技,万物云_万睿科技_LT武汉区域_LT26郑州机电运维,业务单元本部,4,二级授权,process_level_category:业务单元本部_and_physical_level:lte_4,三级授权
50836325,WA01万睿物联事业部,万睿科技,万睿科技,万物云_万睿科技_智慧产品中心_WA01万睿物联事业部,业务单元本部,4,二级授权,process_level_category:业务单元本部_and_physical_level:lte_4,三级授权
50836593,北京区域,万睿科技,万睿科技,万物云_万睿科技_楼宇机电事业部_北京区域,业务单元本部,4,二级授权,process_level_category:业务单元本部_and_physical_level:lte_4,三级授权
50836594,成都区域,万睿科技,万睿科技,万物云_万睿科技_楼宇机电事业部_成都区域,业务单元本部,4,二级授权,process_level_category:业务单元本部_and_physical_level:lte_4,三级授权
50836595,广州区域,万睿科技,万睿科技,万物云_万睿科技_楼宇机电事业部_广州区域,业务单元本部,4,二级授权,process_level_category:业务单元本部_and_physical_level:lte_4,三级授权
50836596,杭州区域,万睿科技,万睿科技,万物云_万睿科技_楼宇机电事业部_杭州区域,业务单元本部,4,二级授权,process_level_category:业务单元本部_and_physical_level:lte_4,三级授权
50836597,上海区域,万睿科技,万睿科技,万物云_万睿科技_楼宇机电事业部_上海区域,业务单元本部,4,二级授权,process_level_category:业务单元本部_and_physical_level:lte_4,三级授权
50836598,深圳区域,万睿科技,万睿科技,万物云_万睿科技_楼宇机电事业部_深圳区域,业务单元本部,4,二级授权,process_level_category:业务单元本部_and_physical_level:lte_4,三级授权
50836599,沈阳区域,万睿科技,万睿科技,万物云_万睿科技_楼宇机电事业部_沈阳区域,业务单元本部,4,二级授权,process_level_category:业务单元本部_and_physical_level:lte_4,三级授权
50836600,武汉区域,万睿科技,万睿科技,万物云_万睿科技_楼宇机电事业部_武汉区域,业务单元本部,4,二级授权,process_level_category:业务单元本部_and_physical_level:lte_4,三级授权
50900358,LT27南昌机电运维,万睿科技,万睿科技,万物云_万睿科技_LT杭州区域_LT27南昌机电运维,业务单元本部,4,二级授权,process_level_category:业务单元本部_and_physical_level:lte_4,三级授权
50907684,数字物业运营中心,万睿科技,万睿科技,万物云_万睿科技_智慧产品中心_数字物业运营中心,业务单元本部,4,二级授权,process_level_category:业务单元本部_and_physical_level:lte_4,三级授权
50916072,深圳泊时易,万睿科技,万睿科技,万物云_万睿科技_智慧产品中心_深圳泊时易,业务单元本部,4,二级授权,process_level_category:业务单元本部_and_physical_level:lte_4,三级授权
50916321,供应链采购管理中心本部,万睿科技,万睿科技,万物云_万睿科技_供应链采购管理中心_供应链采购管理中心本部,业务单元本部,4,二级授权,process_level_category:业务单元本部_and_physical_level:lte_4,三级授权
50916390,采购管理部,万睿科技,万睿科技,万物云_万睿科技_集成交付中心_采购管理部,业务单元本部,4,二级授权,process_level_category:业务单元本部_and_physical_level:lte_4,三级授权
50916440,综合运营组,万睿科技,万睿科技,万物云_万睿科技_业务支持中心_综合运营组,业务单元本部,4,二级授权,process_level_category:业务单元本部_and_physical_level:lte_4,三级授权
50917822,秦皇岛城市公司,万睿科技,万睿科技,万物云_万睿科技_一线城市公司_秦皇岛城市公司,业务单元本部,4,二级授权,process_level_category:业务单元本部_and_physical_level:lte_4,三级授权
50917834,肇庆城市公司,万睿科技,万睿科技,万物云_万睿科技_一线城市公司_肇庆城市公司,业务单元本部,4,二级授权,process_level_category:业务单元本部_and_physical_level:lte_4,三级授权
50917835,江门城市公司,万睿科技,万睿科技,万物云_万睿科技_一线城市公司_江门城市公司,业务单元本部,4,二级授权,process_level_category:业务单元本部_and_physical_level:lte_4,三级授权
50917836,台州城市公司,万睿科技,万睿科技,万物云_万睿科技_一线城市公司_台州城市公司,业务单元本部,4,二级授权,process_level_category:业务单元本部_and_physical_level:lte_4,三级授权
50917840,雄安城市公司,万睿科技,万睿科技,万物云_万睿科技_一线城市公司_雄安城市公司,业务单元本部,4,二级授权,process_level_category:业务单元本部_and_physical_level:lte_4,三级授权
50917895,镇江城市公司,万睿科技,万睿科技,万物云_万睿科技_一线城市公司_镇江城市公司,业务单元本部,4,二级授权,process_level_category:业务单元本部_and_physical_level:lte_4,三级授权
50917896,盐城城市公司,万睿科技,万睿科技,万物云_万睿科技_一线城市公司_盐城城市公司,业务单元本部,4,二级授权,process_level_category:业务单元本部_and_physical_level:lte_4,三级授权
50917899,包头城市公司,万睿科技,万睿科技,万物云_万睿科技_一线城市公司_包头城市公司,业务单元本部,4,二级授权,process_level_category:业务单元本部_and_physical_level:lte_4,三级授权
50917918,芜湖城市公司,万睿科技,万睿科技,万物云_万睿科技_一线城市公司_芜湖城市公司,业务单元本部,4,二级授权,process_level_category:业务单元本部_and_physical_level:lte_4,三级授权
50917919,淄博城市公司,万睿科技,万睿科技,万物云_万睿科技_一线城市公司_淄博城市公司,业务单元本部,4,二级授权,process_level_category:业务单元本部_and_physical_level:lte_4,三级授权
50917920,章丘城市公司,万睿科技,万睿科技,万物云_万睿科技_一线城市公司_章丘城市公司,业务单元本部,4,二级授权,process_level_category:业务单元本部_and_physical_level:lte_4,三级授权
50917935,吉林城市公司,万睿科技,万睿科技,万物云_万睿科技_一线城市公司_吉林城市公司,业务单元本部,4,二级授权,process_level_category:业务单元本部_and_physical_level:lte_4,三级授权
50917938,威海城市公司,万睿科技,万睿科技,万物云_万睿科技_一线城市公司_威海城市公司,业务单元本部,4,二级授权,process_level_category:业务单元本部_and_physical_level:lte_4,三级授权
50917939,临沂城市公司,万睿科技,万睿科技,万物云_万睿科技_一线城市公司_临沂城市公司,业务单元本部,4,二级授权,process_level_category:业务单元本部_and_physical_level:lte_4,三级授权
50917943,晋江城市公司,万睿科技,万睿科技,万物云_万睿科技_一线城市公司_晋江城市公司,业务单元本部,4,二级授权,process_level_category:业务单元本部_and_physical_level:lte_4,三级授权
50917944,开封城市公司,万睿科技,万睿科技,万物云_万睿科技_一线城市公司_开封城市公司,业务单元本部,4,二级授权,process_level_category:业务单元本部_and_physical_level:lte_4,三级授权
50917945,周口城市公司,万睿科技,万睿科技,万物云_万睿科技_一线城市公司_周口城市公司,业务单元本部,4,二级授权,process_level_category:业务单元本部_and_physical_level:lte_4,三级授权
50917965,宜昌城市公司,万睿科技,万睿科技,万物云_万睿科技_一线城市公司_宜昌城市公司,业务单元本部,4,二级授权,process_level_category:业务单元本部_and_physical_level:lte_4,三级授权
50917967,漳州城市公司,万睿科技,万睿科技,万物云_万睿科技_一线城市公司_漳州城市公司,业务单元本部,4,二级授权,process_level_category:业务单元本部_and_physical_level:lte_4,三级授权
50918352,专业委员会,万睿科技,万睿科技,万物云_万睿科技_质量管理中心_专业委员会,业务单元本部,4,二级授权,process_level_category:业务单元本部_and_physical_level:lte_4,三级授权
50918353,质量体系管理,万睿科技,万睿科技,万物云_万睿科技_质量管理中心_质量体系管理,业务单元本部,4,二级授权,process_level_category:业务单元本部_and_physical_level:lte_4,三级授权
50918523,场景应用产品线,万睿科技,万睿科技,万物云_万睿科技_智慧产品中心_场景应用产品线,业务单元本部,4,二级授权,process_level_category:业务单元本部_and_physical_level:lte_4,三级授权
50918524,边缘和连接产品线,万睿科技,万睿科技,万物云_万睿科技_智慧产品中心_边缘和连接产品线,业务单元本部,4,二级授权,process_level_category:业务单元本部_and_physical_level:lte_4,三级授权
50918525,终端产品线,万睿科技,万睿科技,万物云_万睿科技_智慧产品中心_终端产品线,业务单元本部,4,二级授权,process_level_category:业务单元本部_and_physical_level:lte_4,三级授权
50918601,产品规划部,万睿科技,万睿科技,万物云_万睿科技_智慧产品中心_产品规划部,业务单元本部,4,二级授权,process_level_category:业务单元本部_and_physical_level:lte_4,三级授权
50918602,售前支持部,万睿科技,万睿科技,万物云_万睿科技_智慧产品中心_售前支持部,业务单元本部,4,二级授权,process_level_category:业务单元本部_and_physical_level:lte_4,三级授权
50918603,技术支持部,万睿科技,万睿科技,万物云_万睿科技_智慧产品中心_技术支持部,业务单元本部,4,二级授权,process_level_category:业务单元本部_and_physical_level:lte_4,三级授权
50918626,开发资源部,万睿科技,万睿科技,万物云_万睿科技_智慧产品中心_开发资源部,业务单元本部,4,二级授权,process_level_category:业务单元本部_and_physical_level:lte_4,三级授权
50920167,智慧楼宇设计部,万睿科技,万睿科技,万物云_万睿科技_解决方案中心_智慧楼宇设计部,业务单元本部,4,二级授权,process_level_category:业务单元本部_and_physical_level:lte_4,三级授权
50920222,规划设计部,万睿科技,万睿科技,万物云_万睿科技_设计投标中心_规划设计部,业务单元本部,4,二级授权,process_level_category:业务单元本部_and_physical_level:lte_4,三级授权
50920223,工程管理部,万睿科技,万睿科技,万物云_万睿科技_工程运营管理中心_工程管理部,业务单元本部,4,二级授权,process_level_category:业务单元本部_and_physical_level:lte_4,三级授权
50920224,物料与计划管理部,万睿科技,万睿科技,万物云_万睿科技_工程运营管理中心_物料与计划管理部,业务单元本部,4,二级授权,process_level_category:业务单元本部_and_physical_level:lte_4,三级授权
50924774,智能作业产品线,万睿科技,万睿科技,万物云_万睿科技_智慧产品中心_智能作业产品线,业务单元本部,4,二级授权,process_level_category:业务单元本部_and_physical_level:lte_4,三级授权
50924775,硬件能力产品线,万睿科技,万睿科技,万物云_万睿科技_智慧产品中心_硬件能力产品线,业务单元本部,4,二级授权,process_level_category:业务单元本部_and_physical_level:lte_4,三级授权
50924782,智慧城市解决方案部,万睿科技,万睿科技,万物云_万睿科技_智慧产品中心_智慧城市解决方案部,业务单元本部,4,二级授权,process_level_category:业务单元本部_and_physical_level:lte_4,三级授权
50924807,技术部,万睿科技,万睿科技,万物云_万睿科技_智慧产品中心_技术部,业务单元本部,4,二级授权,process_level_category:业务单元本部_and_physical_level:lte_4,三级授权
50924831,综合运营组,万睿科技,万睿科技,万物云_万睿科技_产品研发中心_综合运营组,业务单元本部,4,二级授权,process_level_category:业务单元本部_and_physical_level:lte_4,三级授权
50924832,智能通行产品线,万睿科技,万睿科技,万物云_万睿科技_智慧产品中心_智能通行产品线,业务单元本部,4,二级授权,process_level_category:业务单元本部_and_physical_level:lte_4,三级授权
50924833,智能建造产品线（筹）,万睿科技,万睿科技,万物云_万睿科技_智慧产品中心_智能建造产品线（筹）,业务单元本部,4,二级授权,process_level_category:业务单元本部_and_physical_level:lte_4,三级授权
50924834,智慧家庭产品线（筹）,万睿科技,万睿科技,万物云_万睿科技_智慧产品中心_智慧家庭产品线（筹）,业务单元本部,4,二级授权,process_level_category:业务单元本部_and_physical_level:lte_4,三级授权
50928438,生产管理组,万睿科技,万睿科技,万物云_万睿科技_工程运营管理中心_生产管理组,业务单元本部,4,二级授权,process_level_category:业务单元本部_and_physical_level:lte_4,三级授权
50928439,投标部,万睿科技,万睿科技,万物云_万睿科技_设计投标中心_投标部,业务单元本部,4,二级授权,process_level_category:业务单元本部_and_physical_level:lte_4,三级授权
50928603,智慧楼宇工程管理部,万睿科技,万睿科技,万物云_万睿科技_工程运营管理中心_智慧楼宇工程管理部,业务单元本部,4,二级授权,process_level_category:业务单元本部_and_physical_level:lte_4,三级授权
50928604,旧改管理组,万睿科技,万睿科技,万物云_万睿科技_工程运营管理中心_旧改管理组,业务单元本部,4,二级授权,process_level_category:业务单元本部_and_physical_level:lte_4,三级授权
50929834,技术支持部,万睿科技,万睿科技,万物云_万睿科技_工程运营管理中心_技术支持部,业务单元本部,4,二级授权,process_level_category:业务单元本部_and_physical_level:lte_4,三级授权
50931672,南方区域,万睿科技,万睿科技,万物云_万睿科技_一线城市公司_南方区域,业务单元本部,4,二级授权,process_level_category:业务单元本部_and_physical_level:lte_4,三级授权
50931673,西南区域,万睿科技,万睿科技,万物云_万睿科技_一线城市公司_西南区域,业务单元本部,4,二级授权,process_level_category:业务单元本部_and_physical_level:lte_4,三级授权
50931674,西北区域,万睿科技,万睿科技,万物云_万睿科技_一线城市公司_西北区域,业务单元本部,4,二级授权,process_level_category:业务单元本部_and_physical_level:lte_4,三级授权
50931751,上海区域,万睿科技,万睿科技,万物云_万睿科技_一线城市公司_上海区域,业务单元本部,4,二级授权,process_level_category:业务单元本部_and_physical_level:lte_4,三级授权
50931752,北方区域,万睿科技,万睿科技,万物云_万睿科技_一线城市公司_北方区域,业务单元本部,4,二级授权,process_level_category:业务单元本部_and_physical_level:lte_4,三级授权
50943429,拉萨城市公司,万睿科技,万睿科技,万物云_万睿科技_一线城市公司_拉萨城市公司,业务单元本部,4,二级授权,process_level_category:业务单元本部_and_physical_level:lte_4,三级授权
50943430,咸阳城市公司,万睿科技,万睿科技,万物云_万睿科技_一线城市公司_咸阳城市公司,业务单元本部,4,二级授权,process_level_category:业务单元本部_and_physical_level:lte_4,三级授权
50943431,大理城市公司,万睿科技,万睿科技,万物云_万睿科技_一线城市公司_大理城市公司,业务单元本部,4,二级授权,process_level_category:业务单元本部_and_physical_level:lte_4,三级授权
50943432,河源城市公司,万睿科技,万睿科技,万物云_万睿科技_一线城市公司_河源城市公司,业务单元本部,4,二级授权,process_level_category:业务单元本部_and_physical_level:lte_4,三级授权
50943433,遵义城市公司,万睿科技,万睿科技,万物云_万睿科技_一线城市公司_遵义城市公司,业务单元本部,4,二级授权,process_level_category:业务单元本部_and_physical_level:lte_4,三级授权
50943434,衢州城市公司,万睿科技,万睿科技,万物云_万睿科技_一线城市公司_衢州城市公司,业务单元本部,4,二级授权,process_level_category:业务单元本部_and_physical_level:lte_4,三级授权
50943435,湘潭城市公司,万睿科技,万睿科技,万物云_万睿科技_一线城市公司_湘潭城市公司,业务单元本部,4,二级授权,process_level_category:业务单元本部_and_physical_level:lte_4,三级授权
50943436,阳江城市公司,万睿科技,万睿科技,万物云_万睿科技_一线城市公司_阳江城市公司,业务单元本部,4,二级授权,process_level_category:业务单元本部_and_physical_level:lte_4,三级授权
50943437,莆田城市公司,万睿科技,万睿科技,万物云_万睿科技_一线城市公司_莆田城市公司,业务单元本部,4,二级授权,process_level_category:业务单元本部_and_physical_level:lte_4,三级授权
50943438,张家口城市公司,万睿科技,万睿科技,万物云_万睿科技_一线城市公司_张家口城市公司,业务单元本部,4,二级授权,process_level_category:业务单元本部_and_physical_level:lte_4,三级授权
50943439,汕头城市公司,万睿科技,万睿科技,万物云_万睿科技_一线城市公司_汕头城市公司,业务单元本部,4,二级授权,process_level_category:业务单元本部_and_physical_level:lte_4,三级授权
50943440,赣州城市公司,万睿科技,万睿科技,万物云_万睿科技_一线城市公司_赣州城市公司,业务单元本部,4,二级授权,process_level_category:业务单元本部_and_physical_level:lte_4,三级授权
50943441,舟山城市公司,万睿科技,万睿科技,万物云_万睿科技_一线城市公司_舟山城市公司,业务单元本部,4,二级授权,process_level_category:业务单元本部_and_physical_level:lte_4,三级授权
50943442,廊坊城市公司,万睿科技,万睿科技,万物云_万睿科技_一线城市公司_廊坊城市公司,业务单元本部,4,二级授权,process_level_category:业务单元本部_and_physical_level:lte_4,三级授权
50943443,宿迁城市公司,万睿科技,万睿科技,万物云_万睿科技_一线城市公司_宿迁城市公司,业务单元本部,4,二级授权,process_level_category:业务单元本部_and_physical_level:lte_4,三级授权
50943444,渭南城市公司,万睿科技,万睿科技,万物云_万睿科技_一线城市公司_渭南城市公司,业务单元本部,4,二级授权,process_level_category:业务单元本部_and_physical_level:lte_4,三级授权
50943445,鞍山城市公司,万睿科技,万睿科技,万物云_万睿科技_一线城市公司_鞍山城市公司,业务单元本部,4,二级授权,process_level_category:业务单元本部_and_physical_level:lte_4,三级授权
50943446,西双版纳城市公司,万睿科技,万睿科技,万物云_万睿科技_一线城市公司_西双版纳城市公司,业务单元本部,4,二级授权,process_level_category:业务单元本部_and_physical_level:lte_4,三级授权
50943447,梅州城市公司,万睿科技,万睿科技,万物云_万睿科技_一线城市公司_梅州城市公司,业务单元本部,4,二级授权,process_level_category:业务单元本部_and_physical_level:lte_4,三级授权
50943448,丽水城市公司,万睿科技,万睿科技,万物云_万睿科技_一线城市公司_丽水城市公司,业务单元本部,4,二级授权,process_level_category:业务单元本部_and_physical_level:lte_4,三级授权
50943449,柳州城市公司,万睿科技,万睿科技,万物云_万睿科技_一线城市公司_柳州城市公司,业务单元本部,4,二级授权,process_level_category:业务单元本部_and_physical_level:lte_4,三级授权
50943450,韶关城市公司,万睿科技,万睿科技,万物云_万睿科技_一线城市公司_韶关城市公司,业务单元本部,4,二级授权,process_level_category:业务单元本部_and_physical_level:lte_4,三级授权
50943501,株洲城市公司,万睿科技,万睿科技,万物云_万睿科技_一线城市公司_株洲城市公司,业务单元本部,4,二级授权,process_level_category:业务单元本部_and_physical_level:lte_4,三级授权
50943502,呼和浩特城市公司,万睿科技,万睿科技,万物云_万睿科技_一线城市公司_呼和浩特城市公司,业务单元本部,4,二级授权,process_level_category:业务单元本部_and_physical_level:lte_4,三级授权
50943503,湛江城市公司,万睿科技,万睿科技,万物云_万睿科技_一线城市公司_湛江城市公司,业务单元本部,4,二级授权,process_level_category:业务单元本部_and_physical_level:lte_4,三级授权
50943504,三明城市公司,万睿科技,万睿科技,万物云_万睿科技_一线城市公司_三明城市公司,业务单元本部,4,二级授权,process_level_category:业务单元本部_and_physical_level:lte_4,三级授权
50943505,涿州城市公司,万睿科技,万睿科技,万物云_万睿科技_一线城市公司_涿州城市公司,业务单元本部,4,二级授权,process_level_category:业务单元本部_and_physical_level:lte_4,三级授权
50943506,西昌城市公司,万睿科技,万睿科技,万物云_万睿科技_一线城市公司_西昌城市公司,业务单元本部,4,二级授权,process_level_category:业务单元本部_and_physical_level:lte_4,三级授权
50943507,营口城市公司,万睿科技,万睿科技,万物云_万睿科技_一线城市公司_营口城市公司,业务单元本部,4,二级授权,process_level_category:业务单元本部_and_physical_level:lte_4,三级授权
50943508,云浮城市公司,万睿科技,万睿科技,万物云_万睿科技_一线城市公司_云浮城市公司,业务单元本部,4,二级授权,process_level_category:业务单元本部_and_physical_level:lte_4,三级授权
50943509,湖州城市公司,万睿科技,万睿科技,万物云_万睿科技_一线城市公司_湖州城市公司,业务单元本部,4,二级授权,process_level_category:业务单元本部_and_physical_level:lte_4,三级授权
50943510,三亚城市公司,万睿科技,万睿科技,万物云_万睿科技_一线城市公司_三亚城市公司,业务单元本部,4,二级授权,process_level_category:业务单元本部_and_physical_level:lte_4,三级授权
50943511,许昌城市公司,万睿科技,万睿科技,万物云_万睿科技_一线城市公司_许昌城市公司,业务单元本部,4,二级授权,process_level_category:业务单元本部_and_physical_level:lte_4,三级授权
50943512,岳阳城市公司,万睿科技,万睿科技,万物云_万睿科技_一线城市公司_岳阳城市公司,业务单元本部,4,二级授权,process_level_category:业务单元本部_and_physical_level:lte_4,三级授权
50943513,潍坊城市公司,万睿科技,万睿科技,万物云_万睿科技_一线城市公司_潍坊城市公司,业务单元本部,4,二级授权,process_level_category:业务单元本部_and_physical_level:lte_4,三级授权
50943514,茂名城市公司,万睿科技,万睿科技,万物云_万睿科技_一线城市公司_茂名城市公司,业务单元本部,4,二级授权,process_level_category:业务单元本部_and_physical_level:lte_4,三级授权
50943515,眉山城市公司,万睿科技,万睿科技,万物云_万睿科技_一线城市公司_眉山城市公司,业务单元本部,4,二级授权,process_level_category:业务单元本部_and_physical_level:lte_4,三级授权
50943516,盘锦城市公司,万睿科技,万睿科技,万物云_万睿科技_一线城市公司_盘锦城市公司,业务单元本部,4,二级授权,process_level_category:业务单元本部_and_physical_level:lte_4,三级授权
50943517,洛阳城市公司,万睿科技,万睿科技,万物云_万睿科技_一线城市公司_洛阳城市公司,业务单元本部,4,二级授权,process_level_category:业务单元本部_and_physical_level:lte_4,三级授权
50943518,常德城市公司,万睿科技,万睿科技,万物云_万睿科技_一线城市公司_常德城市公司,业务单元本部,4,二级授权,process_level_category:业务单元本部_and_physical_level:lte_4,三级授权
50943956,数字与质量管理部,万睿科技,万睿科技,万物云_万睿科技_业务管理中心_数字与质量管理部,业务单元本部,4,二级授权,process_level_category:业务单元本部_and_physical_level:lte_4,三级授权
50945236,系统集成产品线,万睿科技,万睿科技,万物云_万睿科技_智慧产品中心_系统集成产品线,业务单元本部,4,二级授权,process_level_category:业务单元本部_and_physical_level:lte_4,三级授权
50945267,产品运营组,万睿科技,万睿科技,万物云_万睿科技_智慧产品中心_产品运营组,业务单元本部,4,二级授权,process_level_category:业务单元本部_and_physical_level:lte_4,三级授权
50945504,智慧城市解决方案部,万睿科技,万睿科技,万物云_万睿科技_解决方案中心_智慧城市解决方案部,业务单元本部,4,二级授权,process_level_category:业务单元本部_and_physical_level:lte_4,三级授权
50947817,成本管理部,万睿科技,万睿科技,万物云_万睿科技_业务管理中心_成本管理部,业务单元本部,4,二级授权,process_level_category:业务单元本部_and_physical_level:lte_4,三级授权
50947849,智慧小区解决方案部,万睿科技,万睿科技,万物云_万睿科技_智慧产品中心_智慧小区解决方案部,业务单元本部,4,二级授权,process_level_category:业务单元本部_and_physical_level:lte_4,三级授权
50947850,智慧园区解决方案部,万睿科技,万睿科技,万物云_万睿科技_智慧产品中心_智慧园区解决方案部,业务单元本部,4,二级授权,process_level_category:业务单元本部_and_physical_level:lte_4,三级授权
50947914,灵石产品开发部50947914,万睿科技,万睿科技,万物云_万睿科技_智慧产品中心_灵石产品开发部50947914,业务单元本部,4,二级授权,process_level_category:业务单元本部_and_physical_level:lte_4,三级授权
50947915,灵石产品开发部50947915,万睿科技,万睿科技,万物云_万睿科技_智慧产品中心_灵石产品开发部50947915,业务单元本部,4,二级授权,process_level_category:业务单元本部_and_physical_level:lte_4,三级授权
50947955,智慧小区解决方案部50947955,万睿科技,万睿科技,万物云_万睿科技_智慧产品中心_智慧小区解决方案部50947955,业务单元本部,4,二级授权,process_level_category:业务单元本部_and_physical_level:lte_4,三级授权
50947956,智慧园区解决方案部50947956,万睿科技,万睿科技,万物云_万睿科技_智慧产品中心_智慧园区解决方案部50947956,业务单元本部,4,二级授权,process_level_category:业务单元本部_and_physical_level:lte_4,三级授权
50947957,智慧工地解决方案部50947957,万睿科技,万睿科技,万物云_万睿科技_智慧产品中心_智慧工地解决方案部50947957,业务单元本部,4,二级授权,process_level_category:业务单元本部_and_physical_level:lte_4,三级授权
50947958,数字化项目交付部50947958,万睿科技,万睿科技,万物云_万睿科技_智慧产品中心_数字化项目交付部50947958,业务单元本部,4,二级授权,process_level_category:业务单元本部_and_physical_level:lte_4,三级授权
50947959,星尘产品开发部50947959,万睿科技,万睿科技,万物云_万睿科技_智慧产品中心_星尘产品开发部50947959,业务单元本部,4,二级授权,process_level_category:业务单元本部_and_physical_level:lte_4,三级授权
50947960,硬件产品开发部50947960,万睿科技,万睿科技,万物云_万睿科技_智慧产品中心_硬件产品开发部50947960,业务单元本部,4,二级授权,process_level_category:业务单元本部_and_physical_level:lte_4,三级授权
50947961,智慧工地解决方案部50947961,万睿科技,万睿科技,万物云_万睿科技_智慧产品中心_智慧工地解决方案部50947961,业务单元本部,4,二级授权,process_level_category:业务单元本部_and_physical_level:lte_4,三级授权
50947962,数字化项目交付部50947962,万睿科技,万睿科技,万物云_万睿科技_智慧产品中心_数字化项目交付部50947962,业务单元本部,4,二级授权,process_level_category:业务单元本部_and_physical_level:lte_4,三级授权
50947963,星尘产品开发部50947963,万睿科技,万睿科技,万物云_万睿科技_智慧产品中心_星尘产品开发部50947963,业务单元本部,4,二级授权,process_level_category:业务单元本部_and_physical_level:lte_4,三级授权
50947964,硬件产品开发部50947964,万睿科技,万睿科技,万物云_万睿科技_智慧产品中心_硬件产品开发部50947964,业务单元本部,4,二级授权,process_level_category:业务单元本部_and_physical_level:lte_4,三级授权
50953985,集成交付部,万睿科技,万睿科技,万物云_万睿科技_产品研发中心_集成交付部,业务单元本部,4,二级授权,process_level_category:业务单元本部_and_physical_level:lte_4,三级授权
50954129,深化设计部,万睿科技,万睿科技,万物云_万睿科技_工程运营管理中心_深化设计部,业务单元本部,4,二级授权,process_level_category:业务单元本部_and_physical_level:lte_4,三级授权
50954130,产品营销部,万睿科技,万睿科技,万物云_万睿科技_市场营销中心_产品营销部,业务单元本部,4,二级授权,process_level_category:业务单元本部_and_physical_level:lte_4,三级授权
50954131,销售部,万睿科技,万睿科技,万物云_万睿科技_产品研发中心_销售部,业务单元本部,4,二级授权,process_level_category:业务单元本部_and_physical_level:lte_4,三级授权
50954132,智慧空间解决方案部,万睿科技,万睿科技,万物云_万睿科技_产品研发中心_智慧空间解决方案部,业务单元本部,4,二级授权,process_level_category:业务单元本部_and_physical_level:lte_4,三级授权
50971671,资产管理组50971671,万睿科技,万睿科技,万物云_万睿科技_财务及运营管理部_资产管理组50971671,业务单元本部,4,二级授权,process_level_category:业务单元本部_and_physical_level:lte_4,三级授权
50974756,商务管理部,万睿科技,万睿科技,万物云_万睿科技_集成交付中心50974697_商务管理部,业务单元本部,4,二级授权,process_level_category:业务单元本部_and_physical_level:lte_4,三级授权
50974757,售后支持部,万睿科技,万睿科技,万物云_万睿科技_集成交付中心50974697_售后支持部,业务单元本部,4,二级授权,process_level_category:业务单元本部_and_physical_level:lte_4,三级授权
50974758,深圳大区项目管理中心,万睿科技,万睿科技,万物云_万睿科技_集成交付中心50974697_深圳大区项目管理中心,业务单元本部,4,二级授权,process_level_category:业务单元本部_and_physical_level:lte_4,三级授权
50974759,广州大区项目管理中心,万睿科技,万睿科技,万物云_万睿科技_集成交付中心50974697_广州大区项目管理中心,业务单元本部,4,二级授权,process_level_category:业务单元本部_and_physical_level:lte_4,三级授权
50974760,华东大区项目管理中心,万睿科技,万睿科技,万物云_万睿科技_集成交付中心50974697_华东大区项目管理中心,业务单元本部,4,二级授权,process_level_category:业务单元本部_and_physical_level:lte_4,三级授权
50974761,西部大区项目管理中心,万睿科技,万睿科技,万物云_万睿科技_集成交付中心50974697_西部大区项目管理中心,业务单元本部,4,二级授权,process_level_category:业务单元本部_and_physical_level:lte_4,三级授权
50974762,华中大区项目管理中心,万睿科技,万睿科技,万物云_万睿科技_集成交付中心50974697_华中大区项目管理中心,业务单元本部,4,二级授权,process_level_category:业务单元本部_and_physical_level:lte_4,三级授权
50974763,北方大区项目管理中心,万睿科技,万睿科技,万物云_万睿科技_集成交付中心50974697_北方大区项目管理中心,业务单元本部,4,二级授权,process_level_category:业务单元本部_and_physical_level:lte_4,三级授权
50974795,售前支持部50974795,万睿科技,万睿科技,万物云_万睿科技_市场营销中心_售前支持部50974795,业务单元本部,4,二级授权,process_level_category:业务单元本部_and_physical_level:lte_4,三级授权
55001895,园区产品部,万睿科技,万睿科技,万物云_万睿科技_产品研发中心_园区产品部,业务单元本部,4,二级授权,process_level_category:业务单元本部_and_physical_level:lte_4,三级授权
55001896,城区产品部,万睿科技,万睿科技,万物云_万睿科技_产品研发中心_城区产品部,业务单元本部,4,二级授权,process_level_category:业务单元本部_and_physical_level:lte_4,三级授权
55001897,公共产品部,万睿科技,万睿科技,万物云_万睿科技_产品研发中心_公共产品部,业务单元本部,4,二级授权,process_level_category:业务单元本部_and_physical_level:lte_4,三级授权
55001898,售后支持部,万睿科技,万睿科技,万物云_万睿科技_产品研发中心_售后支持部,业务单元本部,4,二级授权,process_level_category:业务单元本部_and_physical_level:lte_4,三级授权
55001899,运营支持组,万睿科技,万睿科技,万物云_万睿科技_产品研发中心_运营支持组,业务单元本部,4,二级授权,process_level_category:业务单元本部_and_physical_level:lte_4,三级授权
55001900,投标设计部,万睿科技,万睿科技,万物云_万睿科技_市场营销中心_投标设计部,业务单元本部,4,二级授权,process_level_category:业务单元本部_and_physical_level:lte_4,三级授权
55002507,方案集成部,万睿科技,万睿科技,万物云_万睿科技_产品研发中心_方案集成部,业务单元本部,4,二级授权,process_level_category:业务单元本部_and_physical_level:lte_4,三级授权
55002529,商务管理部,万睿科技,万睿科技,万物云_万睿科技_集成交付中心_商务管理部,业务单元本部,4,二级授权,process_level_category:业务单元本部_and_physical_level:lte_4,三级授权
55002530,售后支持部,万睿科技,万睿科技,万物云_万睿科技_集成交付中心_售后支持部,业务单元本部,4,二级授权,process_level_category:业务单元本部_and_physical_level:lte_4,三级授权
55002540,IT产品部,万睿科技,万睿科技,万物云_万睿科技_产品研发中心_IT产品部,业务单元本部,4,二级授权,process_level_category:业务单元本部_and_physical_level:lte_4,三级授权
55002576,SZ生产交付组,万睿科技,万睿科技,万物云_万睿科技_深圳大区项目管理中心_SZ生产交付组,业务单元本部,4,二级授权,process_level_category:业务单元本部_and_physical_level:lte_4,三级授权
55002577,SZ商务管理组,万睿科技,万睿科技,万物云_万睿科技_深圳大区项目管理中心_SZ商务管理组,业务单元本部,4,二级授权,process_level_category:业务单元本部_and_physical_level:lte_4,三级授权
55002578,SZ共享服务中心,万睿科技,万睿科技,万物云_万睿科技_深圳大区项目管理中心_SZ共享服务中心,业务单元本部,4,二级授权,process_level_category:业务单元本部_and_physical_level:lte_4,三级授权
55002579,SZ售后支持组,万睿科技,万睿科技,万物云_万睿科技_深圳大区项目管理中心_SZ售后支持组,业务单元本部,4,二级授权,process_level_category:业务单元本部_and_physical_level:lte_4,三级授权
55002580,GZ生产交付组,万睿科技,万睿科技,万物云_万睿科技_广州大区项目管理中心_GZ生产交付组,业务单元本部,4,二级授权,process_level_category:业务单元本部_and_physical_level:lte_4,三级授权
55002581,GZ商务管理组,万睿科技,万睿科技,万物云_万睿科技_广州大区项目管理中心_GZ商务管理组,业务单元本部,4,二级授权,process_level_category:业务单元本部_and_physical_level:lte_4,三级授权
55002582,GZ共享服务中心,万睿科技,万睿科技,万物云_万睿科技_广州大区项目管理中心_GZ共享服务中心,业务单元本部,4,二级授权,process_level_category:业务单元本部_and_physical_level:lte_4,三级授权
55002583,GZ售后支持组,万睿科技,万睿科技,万物云_万睿科技_广州大区项目管理中心_GZ售后支持组,业务单元本部,4,二级授权,process_level_category:业务单元本部_and_physical_level:lte_4,三级授权
55002584,HZ生产交付组,万睿科技,万睿科技,万物云_万睿科技_华中大区项目管理中心_HZ生产交付组,业务单元本部,4,二级授权,process_level_category:业务单元本部_and_physical_level:lte_4,三级授权
55002585,HZ商务管理组,万睿科技,万睿科技,万物云_万睿科技_华中大区项目管理中心_HZ商务管理组,业务单元本部,4,二级授权,process_level_category:业务单元本部_and_physical_level:lte_4,三级授权
55002586,HZ共享服务中心,万睿科技,万睿科技,万物云_万睿科技_华中大区项目管理中心_HZ共享服务中心,业务单元本部,4,二级授权,process_level_category:业务单元本部_and_physical_level:lte_4,三级授权
55002587,HZ售后支持组,万睿科技,万睿科技,万物云_万睿科技_华中大区项目管理中心_HZ售后支持组,业务单元本部,4,二级授权,process_level_category:业务单元本部_and_physical_level:lte_4,三级授权
55002588,HD生产交付组,万睿科技,万睿科技,万物云_万睿科技_华东大区项目管理中心_HD生产交付组,业务单元本部,4,二级授权,process_level_category:业务单元本部_and_physical_level:lte_4,三级授权
55002589,HD商务管理组,万睿科技,万睿科技,万物云_万睿科技_华东大区项目管理中心_HD商务管理组,业务单元本部,4,二级授权,process_level_category:业务单元本部_and_physical_level:lte_4,三级授权
55002590,HD共享服务中心,万睿科技,万睿科技,万物云_万睿科技_华东大区项目管理中心_HD共享服务中心,业务单元本部,4,二级授权,process_level_category:业务单元本部_and_physical_level:lte_4,三级授权
55002591,HD售后支持组,万睿科技,万睿科技,万物云_万睿科技_华东大区项目管理中心_HD售后支持组,业务单元本部,4,二级授权,process_level_category:业务单元本部_and_physical_level:lte_4,三级授权
55002592,BF生产交付组,万睿科技,万睿科技,万物云_万睿科技_北方大区项目管理中心_BF生产交付组,业务单元本部,4,二级授权,process_level_category:业务单元本部_and_physical_level:lte_4,三级授权
55002593,BF商务管理组,万睿科技,万睿科技,万物云_万睿科技_北方大区项目管理中心_BF商务管理组,业务单元本部,4,二级授权,process_level_category:业务单元本部_and_physical_level:lte_4,三级授权
55002594,BF共享服务中心,万睿科技,万睿科技,万物云_万睿科技_北方大区项目管理中心_BF共享服务中心,业务单元本部,4,二级授权,process_level_category:业务单元本部_and_physical_level:lte_4,三级授权
55002595,BF售后支持组,万睿科技,万睿科技,万物云_万睿科技_北方大区项目管理中心_BF售后支持组,业务单元本部,4,二级授权,process_level_category:业务单元本部_and_physical_level:lte_4,三级授权
55002596,XB生产交付组,万睿科技,万睿科技,万物云_万睿科技_西部大区项目管理中心_XB生产交付组,业务单元本部,4,二级授权,process_level_category:业务单元本部_and_physical_level:lte_4,三级授权
55002597,XB商务管理组,万睿科技,万睿科技,万物云_万睿科技_西部大区项目管理中心_XB商务管理组,业务单元本部,4,二级授权,process_level_category:业务单元本部_and_physical_level:lte_4,三级授权
55002598,XB共享服务中心,万睿科技,万睿科技,万物云_万睿科技_西部大区项目管理中心_XB共享服务中心,业务单元本部,4,二级授权,process_level_category:业务单元本部_and_physical_level:lte_4,三级授权
55002599,XB售后支持组,万睿科技,万睿科技,万物云_万睿科技_西部大区项目管理中心_XB售后支持组,业务单元本部,4,二级授权,process_level_category:业务单元本部_and_physical_level:lte_4,三级授权
55002600,SZPP01海南片区,万睿科技,万睿科技,万物云_万睿科技_深圳大区项目管理中心_SZPP01海南片区,业务单元本部,4,二级授权,process_level_category:业务单元本部_and_physical_level:lte_4,三级授权
55002601,SZPP02惠坪片区,万睿科技,万睿科技,万物云_万睿科技_深圳大区项目管理中心_SZPP02惠坪片区,业务单元本部,4,二级授权,process_level_category:业务单元本部_and_physical_level:lte_4,三级授权
55002602,SZPP03南光片区,万睿科技,万睿科技,万物云_万睿科技_深圳大区项目管理中心_SZPP03南光片区,业务单元本部,4,二级授权,process_level_category:业务单元本部_and_physical_level:lte_4,三级授权
55002603,SZPP04福龙片区,万睿科技,万睿科技,万物云_万睿科技_深圳大区项目管理中心_SZPP04福龙片区,业务单元本部,4,二级授权,process_level_category:业务单元本部_and_physical_level:lte_4,三级授权
55002604,GZPP01沙步片区,万睿科技,万睿科技,万物云_万睿科技_广州大区项目管理中心_GZPP01沙步片区,业务单元本部,4,二级授权,process_level_category:业务单元本部_and_physical_level:lte_4,三级授权
55002605,GZPP02东莞片区,万睿科技,万睿科技,万物云_万睿科技_广州大区项目管理中心_GZPP02东莞片区,业务单元本部,4,二级授权,process_level_category:业务单元本部_and_physical_level:lte_4,三级授权
55002606,GZPP03荔湾片区,万睿科技,万睿科技,万物云_万睿科技_广州大区项目管理中心_GZPP03荔湾片区,业务单元本部,4,二级授权,process_level_category:业务单元本部_and_physical_level:lte_4,三级授权
55002607,GZPP04珠西片区,万睿科技,万睿科技,万物云_万睿科技_广州大区项目管理中心_GZPP04珠西片区,业务单元本部,4,二级授权,process_level_category:业务单元本部_and_physical_level:lte_4,三级授权
55002608,GZPP05佛山片区,万睿科技,万睿科技,万物云_万睿科技_广州大区项目管理中心_GZPP05佛山片区,业务单元本部,4,二级授权,process_level_category:业务单元本部_and_physical_level:lte_4,三级授权
55002609,HZPP07湘赣片区,万睿科技,万睿科技,万物云_万睿科技_华中大区项目管理中心_HZPP07湘赣片区,业务单元本部,4,二级授权,process_level_category:业务单元本部_and_physical_level:lte_4,三级授权
55002610,HZPP02长沙西片区,万睿科技,万睿科技,万物云_万睿科技_华中大区项目管理中心_HZPP02长沙西片区,业务单元本部,4,二级授权,process_level_category:业务单元本部_and_physical_level:lte_4,三级授权
55002611,HZPP03南昌片区,万睿科技,万睿科技,万物云_万睿科技_华中大区项目管理中心_HZPP03南昌片区,业务单元本部,4,二级授权,process_level_category:业务单元本部_and_physical_level:lte_4,三级授权
55002612,HZPP08鄂豫片区,万睿科技,万睿科技,万物云_万睿科技_华中大区项目管理中心_HZPP08鄂豫片区,业务单元本部,4,二级授权,process_level_category:业务单元本部_and_physical_level:lte_4,三级授权
55002613,HZPP05郑州片区,万睿科技,万睿科技,万物云_万睿科技_华中大区项目管理中心_HZPP05郑州片区,业务单元本部,4,二级授权,process_level_category:业务单元本部_and_physical_level:lte_4,三级授权
55002614,HZPP06福建片区,万睿科技,万睿科技,万物云_万睿科技_华中大区项目管理中心_HZPP06福建片区,业务单元本部,4,二级授权,process_level_category:业务单元本部_and_physical_level:lte_4,三级授权
55002615,HDPP01上海片区,万睿科技,万睿科技,万物云_万睿科技_华东大区项目管理中心_HDPP01上海片区,业务单元本部,4,二级授权,process_level_category:业务单元本部_and_physical_level:lte_4,三级授权
55002616,HDPP02浙江片区,万睿科技,万睿科技,万物云_万睿科技_华东大区项目管理中心_HDPP02浙江片区,业务单元本部,4,二级授权,process_level_category:业务单元本部_and_physical_level:lte_4,三级授权
55002617,HDPP03苏锡常片区,万睿科技,万睿科技,万物云_万睿科技_华东大区项目管理中心_HDPP03苏锡常片区,业务单元本部,4,二级授权,process_level_category:业务单元本部_and_physical_level:lte_4,三级授权
55002618,HDPP04南扬镇片区,万睿科技,万睿科技,万物云_万睿科技_华东大区项目管理中心_HDPP04南扬镇片区,业务单元本部,4,二级授权,process_level_category:业务单元本部_and_physical_level:lte_4,三级授权
55002619,HDPP05合徐片区,万睿科技,万睿科技,万物云_万睿科技_华东大区项目管理中心_HDPP05合徐片区,业务单元本部,4,二级授权,process_level_category:业务单元本部_and_physical_level:lte_4,三级授权
55002620,BFPP01太原片区,万睿科技,万睿科技,万物云_万睿科技_北方大区项目管理中心_BFPP01太原片区,业务单元本部,4,二级授权,process_level_category:业务单元本部_and_physical_level:lte_4,三级授权
55002621,BFPP02天津片区,万睿科技,万睿科技,万物云_万睿科技_北方大区项目管理中心_BFPP02天津片区,业务单元本部,4,二级授权,process_level_category:业务单元本部_and_physical_level:lte_4,三级授权
55002622,BFPP03北京片区,万睿科技,万睿科技,万物云_万睿科技_北方大区项目管理中心_BFPP03北京片区,业务单元本部,4,二级授权,process_level_category:业务单元本部_and_physical_level:lte_4,三级授权
55002623,BFPP04东北片区,万睿科技,万睿科技,万物云_万睿科技_北方大区项目管理中心_BFPP04东北片区,业务单元本部,4,二级授权,process_level_category:业务单元本部_and_physical_level:lte_4,三级授权
55002624,BFPP05济南片区,万睿科技,万睿科技,万物云_万睿科技_北方大区项目管理中心_BFPP05济南片区,业务单元本部,4,二级授权,process_level_category:业务单元本部_and_physical_level:lte_4,三级授权
55002625,BFPP06山东片区,万睿科技,万睿科技,万物云_万睿科技_北方大区项目管理中心_BFPP06山东片区,业务单元本部,4,二级授权,process_level_category:业务单元本部_and_physical_level:lte_4,三级授权
55002626,XBPP01重庆片区,万睿科技,万睿科技,万物云_万睿科技_西部大区项目管理中心_XBPP01重庆片区,业务单元本部,4,二级授权,process_level_category:业务单元本部_and_physical_level:lte_4,三级授权
55002627,XBPP02昆明片区,万睿科技,万睿科技,万物云_万睿科技_西部大区项目管理中心_XBPP02昆明片区,业务单元本部,4,二级授权,process_level_category:业务单元本部_and_physical_level:lte_4,三级授权
55002628,XBPP03成都新区,万睿科技,万睿科技,万物云_万睿科技_西部大区项目管理中心_XBPP03成都新区,业务单元本部,4,二级授权,process_level_category:业务单元本部_and_physical_level:lte_4,三级授权
55002629,XBPP04成都主区,万睿科技,万睿科技,万物云_万睿科技_西部大区项目管理中心_XBPP04成都主区,业务单元本部,4,二级授权,process_level_category:业务单元本部_and_physical_level:lte_4,三级授权
55002630,XBPP05西安片区,万睿科技,万睿科技,万物云_万睿科技_西部大区项目管理中心_XBPP05西安片区,业务单元本部,4,二级授权,process_level_category:业务单元本部_and_physical_level:lte_4,三级授权
55002631,XBPP06新甘青宁片区,万睿科技,万睿科技,万物云_万睿科技_西部大区项目管理中心_XBPP06新甘青宁片区,业务单元本部,4,二级授权,process_level_category:业务单元本部_and_physical_level:lte_4,三级授权
55002632,SZ深圳大区施工组,万睿科技,万睿科技,万物云_万睿科技_深圳大区项目管理中心_SZ深圳大区施工组,业务单元本部,4,二级授权,process_level_category:业务单元本部_and_physical_level:lte_4,三级授权
55002633,GZ广州大区施工组,万睿科技,万睿科技,万物云_万睿科技_广州大区项目管理中心_GZ广州大区施工组,业务单元本部,4,二级授权,process_level_category:业务单元本部_and_physical_level:lte_4,三级授权
55002634,HD华东大区施工组,万睿科技,万睿科技,万物云_万睿科技_华东大区项目管理中心_HD华东大区施工组,业务单元本部,4,二级授权,process_level_category:业务单元本部_and_physical_level:lte_4,三级授权
55002635,XB西部大区施工组,万睿科技,万睿科技,万物云_万睿科技_西部大区项目管理中心_XB西部大区施工组,业务单元本部,4,二级授权,process_level_category:业务单元本部_and_physical_level:lte_4,三级授权
55002636,HZ华中大区施工组,万睿科技,万睿科技,万物云_万睿科技_华中大区项目管理中心_HZ华中大区施工组,业务单元本部,4,二级授权,process_level_category:业务单元本部_and_physical_level:lte_4,三级授权
55002637,BF北方大区施工组,万睿科技,万睿科技,万物云_万睿科技_北方大区项目管理中心_BF北方大区施工组,业务单元本部,4,二级授权,process_level_category:业务单元本部_and_physical_level:lte_4,三级授权
55002671,SZMP01VIVO总部大厦,万睿科技,万睿科技,万物云_万睿科技_深圳大区项目管理中心_SZMP01VIVO总部大厦,业务单元本部,4,二级授权,process_level_category:业务单元本部_and_physical_level:lte_4,三级授权
55002672,SZMP02万利商务中心,万睿科技,万睿科技,万物云_万睿科技_深圳大区项目管理中心_SZMP02万利商务中心,业务单元本部,4,二级授权,process_level_category:业务单元本部_and_physical_level:lte_4,三级授权
55002673,SZMP03罗山科技园JL,万睿科技,万睿科技,万物云_万睿科技_深圳大区项目管理中心_SZMP03罗山科技园JL,业务单元本部,4,二级授权,process_level_category:业务单元本部_and_physical_level:lte_4,三级授权
55002674,SZMP04中兴总部大厦,万睿科技,万睿科技,万物云_万睿科技_深圳大区项目管理中心_SZMP04中兴总部大厦,业务单元本部,4,二级授权,process_level_category:业务单元本部_and_physical_level:lte_4,三级授权
55002675,HZMP01平江医院,万睿科技,万睿科技,万物云_万睿科技_华中大区项目管理中心_HZMP01平江医院,业务单元本部,4,二级授权,process_level_category:业务单元本部_and_physical_level:lte_4,三级授权
55002676,HZMP02万豪酒店,万睿科技,万睿科技,万物云_万睿科技_华中大区项目管理中心_HZMP02万豪酒店,业务单元本部,4,二级授权,process_level_category:业务单元本部_and_physical_level:lte_4,三级授权
55002677,HDMP01朱家角公寓,万睿科技,万睿科技,万物云_万睿科技_华东大区项目管理中心_HDMP01朱家角公寓,业务单元本部,4,二级授权,process_level_category:业务单元本部_and_physical_level:lte_4,三级授权
55002678,BFMP01方大医院,万睿科技,万睿科技,万物云_万睿科技_北方大区项目管理中心_BFMP01方大医院,业务单元本部,4,二级授权,process_level_category:业务单元本部_and_physical_level:lte_4,三级授权
55002679,XBMP01轨交三期,万睿科技,万睿科技,万物云_万睿科技_西部大区项目管理中心_XBMP01轨交三期,业务单元本部,4,二级授权,process_level_category:业务单元本部_and_physical_level:lte_4,三级授权
55004151,SZPP05宝龙片区,万睿科技,万睿科技,万物云_万睿科技_深圳大区项目管理中心_SZPP05宝龙片区,业务单元本部,4,二级授权,process_level_category:业务单元本部_and_physical_level:lte_4,三级授权
55004561,充电桩业务部,万睿科技,万睿科技,万物云_万睿科技_集成交付中心_充电桩业务部,业务单元本部,4,二级授权,process_level_category:业务单元本部_and_physical_level:lte_4,三级授权
55004562,战略客户部,万睿科技,万睿科技,万物云_万睿科技_市场营销中心_战略客户部,业务单元本部,4,二级授权,process_level_category:业务单元本部_and_physical_level:lte_4,三级授权
55004721,HDMP02苏州恒太美景,万睿科技,万睿科技,万物云_万睿科技_华东大区项目管理中心_HDMP02苏州恒太美景,业务单元本部,4,二级授权,process_level_category:业务单元本部_and_physical_level:lte_4,三级授权
55004811,能源产品部,万睿科技,万睿科技,万物云_万睿科技_产品研发中心_能源产品部,业务单元本部,4,二级授权,process_level_category:业务单元本部_and_physical_level:lte_4,三级授权
55004975,GZMP01华为团泊洼,万睿科技,万睿科技,万物云_万睿科技_广州大区项目管理中心_GZMP01华为团泊洼,业务单元本部,4,二级授权,process_level_category:业务单元本部_and_physical_level:lte_4,三级授权
55005090,组织与人才发展组,万睿科技,万睿科技,万物云_万睿科技_人力资源与行政服务部_组织与人才发展组,业务单元本部,4,二级授权,process_level_category:业务单元本部_and_physical_level:lte_4,三级授权
55005091,文化与行政服务组,万睿科技,万睿科技,万物云_万睿科技_人力资源与行政服务部_文化与行政服务组,业务单元本部,4,二级授权,process_level_category:业务单元本部_and_physical_level:lte_4,三级授权
55005092,薪酬绩效运营组,万睿科技,万睿科技,万物云_万睿科技_人力资源与行政服务部_薪酬绩效运营组,业务单元本部,4,二级授权,process_level_category:业务单元本部_and_physical_level:lte_4,三级授权
55005093,业务支持组,万睿科技,万睿科技,万物云_万睿科技_人力资源与行政服务部_业务支持组,业务单元本部,4,二级授权,process_level_category:业务单元本部_and_physical_level:lte_4,三级授权
55005255,HDMP03杭州VIVO研发中心,万睿科技,万睿科技,万物云_万睿科技_华东大区项目管理中心_HDMP03杭州VIVO研发中心,业务单元本部,4,二级授权,process_level_category:业务单元本部_and_physical_level:lte_4,三级授权
55006181,SZMP05华为坂田E1,万睿科技,万睿科技,万物云_万睿科技_深圳大区项目管理中心_SZMP05华为坂田E1,业务单元本部,4,二级授权,process_level_category:业务单元本部_and_physical_level:lte_4,三级授权
55006182,HZMP03九州康养,万睿科技,万睿科技,万物云_万睿科技_华中大区项目管理中心_HZMP03九州康养,业务单元本部,4,二级授权,process_level_category:业务单元本部_and_physical_level:lte_4,三级授权
55006868,解决方案部,万睿科技,万睿科技,万物云_万睿科技_市场营销中心_解决方案部,业务单元本部,4,二级授权,process_level_category:业务单元本部_and_physical_level:lte_4,三级授权
55007126,GZMP02中汇瑞德,万睿科技,万睿科技,万物云_万睿科技_广州大区项目管理中心_GZMP02中汇瑞德,业务单元本部,4,二级授权,process_level_category:业务单元本部_and_physical_level:lte_4,三级授权
55007130,HDMP04上海京瓷,万睿科技,万睿科技,万物云_万睿科技_华东大区项目管理中心_HDMP04上海京瓷,业务单元本部,4,二级授权,process_level_category:业务单元本部_and_physical_level:lte_4,三级授权
55007131,HDMP05上海金桥,万睿科技,万睿科技,万物云_万睿科技_华东大区项目管理中心_HDMP05上海金桥,业务单元本部,4,二级授权,process_level_category:业务单元本部_and_physical_level:lte_4,三级授权
55007187,BFMP02方大医院（二期）,万睿科技,万睿科技,万物云_万睿科技_北方大区项目管理中心_BFMP02方大医院（二期）,业务单元本部,4,二级授权,process_level_category:业务单元本部_and_physical_level:lte_4,三级授权
55007300,产品运营部,万睿科技,万睿科技,万物云_万睿科技_产品研发中心_产品运营部,业务单元本部,4,二级授权,process_level_category:业务单元本部_and_physical_level:lte_4,三级授权
50847637,管理层,万物梁行本部,万物梁行,万物云_万物梁行_万物梁行本部_管理层,业务单元本部,4,二级授权,process_level_category:业务单元本部_and_physical_level:lte_4,三级授权
50847638,策略与发展中心,万物梁行本部,万物梁行,万物云_万物梁行_万物梁行本部_策略与发展中心,业务单元本部,4,二级授权,process_level_category:业务单元本部_and_physical_level:lte_4,三级授权
50847639,组织人才中心,万物梁行本部,万物梁行,万物云_万物梁行_万物梁行本部_组织人才中心,业务单元本部,4,二级授权,process_level_category:业务单元本部_and_physical_level:lte_4,三级授权
50847640,业务运营部,万物梁行本部,万物梁行,万物云_万物梁行_万物梁行本部_业务运营部,业务单元本部,4,二级授权,process_level_category:业务单元本部_and_physical_level:lte_4,三级授权
50847641,财务运营部,万物梁行本部,万物梁行,万物云_万物梁行_万物梁行本部_财务运营部,业务单元本部,4,二级授权,process_level_category:业务单元本部_and_physical_level:lte_4,三级授权
50847642,法务合规部,万物梁行本部,万物梁行,万物云_万物梁行_万物梁行本部_法务合规部,业务单元本部,4,二级授权,process_level_category:业务单元本部_and_physical_level:lte_4,三级授权
50942371,产品服务中心,万物梁行本部,万物梁行,万物云_万物梁行_万物梁行本部_产品服务中心,业务单元本部,4,二级授权,process_level_category:业务单元本部_and_physical_level:lte_4,三级授权
50942372,经营管理中心,万物梁行本部,万物梁行,万物云_万物梁行_万物梁行本部_经营管理中心,业务单元本部,4,二级授权,process_level_category:业务单元本部_and_physical_level:lte_4,三级授权
50922403,大鹏项目接轨项目组本部,大鹏项目接轨项目组,万物云城,万物云_万物云城_大鹏项目接轨项目组_大鹏项目接轨项目组本部,业务单元本部,4,二级授权,process_level_category:业务单元本部_and_physical_level:lte_4,三级授权
50946000,济南福仁置业本部,济南福仁置业有限公司,万物云城,万物云_万物云城_济南福仁置业有限公司_济南福仁置业本部,业务单元本部,4,二级授权,process_level_category:业务单元本部_and_physical_level:lte_4,三级授权
50946001,城市服务中心,济南福仁置业有限公司,万物云城,万物云_万物云城_济南福仁置业有限公司_城市服务中心,业务单元本部,4,二级授权,process_level_category:业务单元本部_and_physical_level:lte_4,三级授权
50946002,资产服务中心,济南福仁置业有限公司,万物云城,万物云_万物云城_济南福仁置业有限公司_资产服务中心,业务单元本部,4,二级授权,process_level_category:业务单元本部_and_physical_level:lte_4,三级授权
50946003,社群服务中心,济南福仁置业有限公司,万物云城,万物云_万物云城_济南福仁置业有限公司_社群服务中心,业务单元本部,4,二级授权,process_level_category:业务单元本部_and_physical_level:lte_4,三级授权
50946004,职能支持部,济南福仁置业有限公司,万物云城,万物云_万物云城_济南福仁置业有限公司_职能支持部,业务单元本部,4,二级授权,process_level_category:业务单元本部_and_physical_level:lte_4,三级授权
50946005,业务支持部,济南福仁置业有限公司,万物云城,万物云_万物云城_济南福仁置业有限公司_业务支持部,业务单元本部,4,二级授权,process_level_category:业务单元本部_and_physical_level:lte_4,三级授权
50946006,市场孵化组,济南福仁置业有限公司,万物云城,万物云_万物云城_济南福仁置业有限公司_市场孵化组,业务单元本部,4,二级授权,process_level_category:业务单元本部_and_physical_level:lte_4,三级授权
50950308,善城万物城资本部,汕尾市善城万物城资,万物云城,万物云_万物云城_汕尾市善城万物城资_善城万物城资本部,业务单元本部,4,二级授权,process_level_category:业务单元本部_and_physical_level:lte_4,三级授权
50931401,南头分公司本部,深圳南头分公司,万物云城,万物云_万物云城_深圳南头分公司_南头分公司本部,业务单元本部,4,二级授权,process_level_category:业务单元本部_and_physical_level:lte_4,三级授权
50920842,深圳坪山公司本部,深圳坪山公司,万物云城,万物云_万物云城_深圳坪山公司_深圳坪山公司本部,业务单元本部,4,二级授权,process_level_category:业务单元本部_and_physical_level:lte_4,三级授权
50928674,数字远程运营组,万物云城,万物云城,万物云_万物云城_业务管理部_数字远程运营组,业务单元本部,4,二级授权,process_level_category:业务单元本部_and_physical_level:lte_4,三级授权
50945946,企业管理部,万物云城,万物云城,万物云_万物云城_投资经营中心_企业管理部,业务单元本部,4,二级授权,process_level_category:业务单元本部_and_physical_level:lte_4,三级授权
50945947,法律事务部,万物云城,万物云城,万物云_万物云城_投资经营中心_法律事务部,业务单元本部,4,二级授权,process_level_category:业务单元本部_and_physical_level:lte_4,三级授权
50946578,云城研究院,万物云城,万物云城,万物云_万物云城_营销中心_云城研究院,业务单元本部,4,二级授权,process_level_category:业务单元本部_and_physical_level:lte_4,三级授权
50946601,投资管理部,万物云城,万物云城,万物云_万物云城_投资经营中心_投资管理部,业务单元本部,4,二级授权,process_level_category:业务单元本部_and_physical_level:lte_4,三级授权
50946602,品牌营销部,万物云城,万物云城,万物云_万物云城_营销中心_品牌营销部,业务单元本部,4,二级授权,process_level_category:业务单元本部_and_physical_level:lte_4,三级授权
50946603,营销管理部50946603,万物云城,万物云城,万物云_万物云城_营销中心_营销管理部50946603,业务单元本部,4,二级授权,process_level_category:业务单元本部_and_physical_level:lte_4,三级授权
50946783,市场拓展,万物云城,万物云城,万物云_万物云城_华东专项工作组_市场拓展,业务单元本部,4,二级授权,process_level_category:业务单元本部_and_physical_level:lte_4,三级授权
50946784,资产运营,万物云城,万物云城,万物云_万物云城_华东专项工作组_资产运营,业务单元本部,4,二级授权,process_level_category:业务单元本部_and_physical_level:lte_4,三级授权
50946802,未来社区运营,万物云城,万物云城,万物云_万物云城_华东专项工作组_未来社区运营,业务单元本部,4,二级授权,process_level_category:业务单元本部_and_physical_level:lte_4,三级授权
50954416,珠海万物云,万物云城,万物云城,万物云_万物云城_万物云城本部_珠海万物云,业务单元本部,4,二级授权,process_level_category:业务单元本部_and_physical_level:lte_4,三级授权
50954418,财务及运营管理部,万物云城,万物云城,万物云_万物云城_万物云城本部_财务及运营管理部,业务单元本部,4,二级授权,process_level_category:业务单元本部_and_physical_level:lte_4,三级授权
50954419,人力资源与行政服务部,万物云城,万物云城,万物云_万物云城_万物云城本部_人力资源与行政服务部,业务单元本部,4,二级授权,process_level_category:业务单元本部_and_physical_level:lte_4,三级授权
50954431,投资经营中心,万物云城,万物云城,万物云_万物云城_万物云城本部_投资经营中心,业务单元本部,4,二级授权,process_level_category:业务单元本部_and_physical_level:lte_4,三级授权
50954432,营销中心,万物云城,万物云城,万物云_万物云城_万物云城本部_营销中心,业务单元本部,4,二级授权,process_level_category:业务单元本部_and_physical_level:lte_4,三级授权
50954536,Q南昌地铁大厦,万物云城,万物云城,万物云_万物云城_南昌TOD筹备组_Q南昌地铁大厦,业务单元本部,4,二级授权,process_level_category:业务单元本部_and_physical_level:lte_4,三级授权
50954552,Q南昌市建设大厦,万物云城,万物云城,万物云_万物云城_南昌TOD筹备组_Q南昌市建设大厦,业务单元本部,4,二级授权,process_level_category:业务单元本部_and_physical_level:lte_4,三级授权
50954670,流程与质量管理组,万物云城,万物云城,万物云_万物云城_业务管理部_流程与质量管理组,业务单元本部,4,二级授权,process_level_category:业务单元本部_and_physical_level:lte_4,三级授权
50954671,供应链服务组,万物云城,万物云城,万物云_万物云城_业务管理部_供应链服务组,业务单元本部,4,二级授权,process_level_category:业务单元本部_and_physical_level:lte_4,三级授权
50954672,参谋部,万物云城,万物云城,万物云_万物云城_投资经营中心_参谋部,业务单元本部,4,二级授权,process_level_category:业务单元本部_and_physical_level:lte_4,三级授权
50954673,商务合作部,万物云城,万物云城,万物云_万物云城_营销中心_商务合作部,业务单元本部,4,二级授权,process_level_category:业务单元本部_and_physical_level:lte_4,三级授权
50954674,科技市场部,万物云城,万物云城,万物云_万物云城_营销中心_科技市场部,业务单元本部,4,二级授权,process_level_category:业务单元本部_and_physical_level:lte_4,三级授权
50961242,投资拓展与市场组,万物云城,万物云城,万物云_万物云城_理想之地PMO_投资拓展与市场组,业务单元本部,4,二级授权,process_level_category:业务单元本部_and_physical_level:lte_4,三级授权
50961243,业务支持组,万物云城,万物云城,万物云_万物云城_理想之地PMO_业务支持组,业务单元本部,4,二级授权,process_level_category:业务单元本部_and_physical_level:lte_4,三级授权
50961244,咨询与创建组,万物云城,万物云城,万物云_万物云城_理想之地PMO_咨询与创建组,业务单元本部,4,二级授权,process_level_category:业务单元本部_and_physical_level:lte_4,三级授权
50965749,市场联合工作部,万物云城,万物云城,万物云_万物云城_营销中心_市场联合工作部,业务单元本部,4,二级授权,process_level_category:业务单元本部_and_physical_level:lte_4,三级授权
50974535,城市服务2.0PMO50974535,万物云城,万物云城,万物云_万物云城_云城本部经营组_城市服务2.0PMO50974535,业务单元本部,4,二级授权,process_level_category:业务单元本部_and_physical_level:lte_4,三级授权
55002088,云城研究院,万物云城,万物云城,万物云_万物云城_营销中心_云城研究院,业务单元本部,4,二级授权,process_level_category:业务单元本部_and_physical_level:lte_4,三级授权
55002356,城市服务2.0PMO,万物云城,万物云城,万物云_万物云城_云城本部经营组_城市服务2.0PMO,业务单元本部,4,二级授权,process_level_category:业务单元本部_and_physical_level:lte_4,三级授权
55003726,产品研发组,万物云城,万物云城,万物云_万物云城_天秤产品业务部_产品研发组,业务单元本部,4,二级授权,process_level_category:业务单元本部_and_physical_level:lte_4,三级授权
55003727,市场运营组,万物云城,万物云城,万物云_万物云城_天秤产品业务部_市场运营组,业务单元本部,4,二级授权,process_level_category:业务单元本部_and_physical_level:lte_4,三级授权
55004596,数字远程运营,万物云城,万物云城,万物云_万物云城_业务管理部_数字远程运营,业务单元本部,4,二级授权,process_level_category:业务单元本部_and_physical_level:lte_4,三级授权
50918380,Z沈阳三和电梯,Z浙江三和电梯,万御安防,万物云_万御安防_Z浙江三和电梯_Z沈阳三和电梯,业务单元本部,4,二级授权,process_level_category:业务单元本部_and_physical_level:lte_4,三级授权
50918419,Z长春三和电梯,Z浙江三和电梯,万御安防,万物云_万御安防_Z浙江三和电梯_Z长春三和电梯,业务单元本部,4,二级授权,process_level_category:业务单元本部_and_physical_level:lte_4,三级授权
50918447,Z广州三和电梯,Z浙江三和电梯,万御安防,万物云_万御安防_Z浙江三和电梯_Z广州三和电梯,业务单元本部,4,二级授权,process_level_category:业务单元本部_and_physical_level:lte_4,三级授权
50919331,Z天津三和电梯,Z浙江三和电梯,万御安防,万物云_万御安防_Z浙江三和电梯_Z天津三和电梯,业务单元本部,4,二级授权,process_level_category:业务单元本部_and_physical_level:lte_4,三级授权
50919997,Z苏州三和电梯,Z浙江三和电梯,万御安防,万物云_万御安防_Z浙江三和电梯_Z苏州三和电梯,业务单元本部,4,二级授权,process_level_category:业务单元本部_and_physical_level:lte_4,三级授权
50919998,Z上海三和电梯,Z浙江三和电梯,万御安防,万物云_万御安防_Z浙江三和电梯_Z上海三和电梯,业务单元本部,4,二级授权,process_level_category:业务单元本部_and_physical_level:lte_4,三级授权
50919999,Z重庆三和电梯,Z浙江三和电梯,万御安防,万物云_万御安防_Z浙江三和电梯_Z重庆三和电梯,业务单元本部,4,二级授权,process_level_category:业务单元本部_and_physical_level:lte_4,三级授权
50920000,Z深圳三和电梯,Z浙江三和电梯,万御安防,万物云_万御安防_Z浙江三和电梯_Z深圳三和电梯,业务单元本部,4,二级授权,process_level_category:业务单元本部_and_physical_level:lte_4,三级授权
50920017,Z南京三和电梯,Z浙江三和电梯,万御安防,万物云_万御安防_Z浙江三和电梯_Z南京三和电梯,业务单元本部,4,二级授权,process_level_category:业务单元本部_and_physical_level:lte_4,三级授权
50920048,Z长沙三和电梯,Z浙江三和电梯,万御安防,万物云_万御安防_Z浙江三和电梯_Z长沙三和电梯,业务单元本部,4,二级授权,process_level_category:业务单元本部_and_physical_level:lte_4,三级授权
50920049,Z珠海三和电梯,Z浙江三和电梯,万御安防,万物云_万御安防_Z浙江三和电梯_Z珠海三和电梯,业务单元本部,4,二级授权,process_level_category:业务单元本部_and_physical_level:lte_4,三级授权
50920050,Z宁波三和电梯,Z浙江三和电梯,万御安防,万物云_万御安防_Z浙江三和电梯_Z宁波三和电梯,业务单元本部,4,二级授权,process_level_category:业务单元本部_and_physical_level:lte_4,三级授权
50920054,Z北京三和电梯有限公司,Z浙江三和电梯,万御安防,万物云_万御安防_Z浙江三和电梯_Z北京三和电梯有限公司,业务单元本部,4,二级授权,process_level_category:业务单元本部_and_physical_level:lte_4,三级授权
50920055,Z青岛三和电梯,Z浙江三和电梯,万御安防,万物云_万御安防_Z浙江三和电梯_Z青岛三和电梯,业务单元本部,4,二级授权,process_level_category:业务单元本部_and_physical_level:lte_4,三级授权
50920056,Z成都三和电梯,Z浙江三和电梯,万御安防,万物云_万御安防_Z浙江三和电梯_Z成都三和电梯,业务单元本部,4,二级授权,process_level_category:业务单元本部_and_physical_level:lte_4,三级授权
50920057,Z武汉三和电梯,Z浙江三和电梯,万御安防,万物云_万御安防_Z浙江三和电梯_Z武汉三和电梯,业务单元本部,4,二级授权,process_level_category:业务单元本部_and_physical_level:lte_4,三级授权
50920058,Z杭州三和电梯,Z浙江三和电梯,万御安防,万物云_万御安防_Z浙江三和电梯_Z杭州三和电梯,业务单元本部,4,二级授权,process_level_category:业务单元本部_and_physical_level:lte_4,三级授权
50920059,Z厦门三和电梯,Z浙江三和电梯,万御安防,万物云_万御安防_Z浙江三和电梯_Z厦门三和电梯,业务单元本部,4,二级授权,process_level_category:业务单元本部_and_physical_level:lte_4,三级授权
50920060,Z佛山三和电梯,Z浙江三和电梯,万御安防,万物云_万御安防_Z浙江三和电梯_Z佛山三和电梯,业务单元本部,4,二级授权,process_level_category:业务单元本部_and_physical_level:lte_4,三级授权
50920122,Z南宁三和电梯,Z浙江三和电梯,万御安防,万物云_万御安防_Z浙江三和电梯_Z南宁三和电梯,业务单元本部,4,二级授权,process_level_category:业务单元本部_and_physical_level:lte_4,三级授权
50920134,Z西安三和电梯,Z浙江三和电梯,万御安防,万物云_万御安防_Z浙江三和电梯_Z西安三和电梯,业务单元本部,4,二级授权,process_level_category:业务单元本部_and_physical_level:lte_4,三级授权
50920135,Z郑州三和电梯,Z浙江三和电梯,万御安防,万物云_万御安防_Z浙江三和电梯_Z郑州三和电梯,业务单元本部,4,二级授权,process_level_category:业务单元本部_and_physical_level:lte_4,三级授权
50920136,Z贵阳三和电梯,Z浙江三和电梯,万御安防,万物云_万御安防_Z浙江三和电梯_Z贵阳三和电梯,业务单元本部,4,二级授权,process_level_category:业务单元本部_and_physical_level:lte_4,三级授权
50920137,Z南昌三和电梯,Z浙江三和电梯,万御安防,万物云_万御安防_Z浙江三和电梯_Z南昌三和电梯,业务单元本部,4,二级授权,process_level_category:业务单元本部_and_physical_level:lte_4,三级授权
50920151,Z无锡三和电梯,Z浙江三和电梯,万御安防,万物云_万御安防_Z浙江三和电梯_Z无锡三和电梯,业务单元本部,4,二级授权,process_level_category:业务单元本部_and_physical_level:lte_4,三级授权
50920152,Z哈尔滨三和电梯,Z浙江三和电梯,万御安防,万物云_万御安防_Z浙江三和电梯_Z哈尔滨三和电梯,业务单元本部,4,二级授权,process_level_category:业务单元本部_and_physical_level:lte_4,三级授权
50920153,Z大连三和电梯,Z浙江三和电梯,万御安防,万物云_万御安防_Z浙江三和电梯_Z大连三和电梯,业务单元本部,4,二级授权,process_level_category:业务单元本部_and_physical_level:lte_4,三级授权
50920154,Z东莞三和电梯,Z浙江三和电梯,万御安防,万物云_万御安防_Z浙江三和电梯_Z东莞三和电梯,业务单元本部,4,二级授权,process_level_category:业务单元本部_and_physical_level:lte_4,三级授权
50920155,Z福州三和电梯,Z浙江三和电梯,万御安防,万物云_万御安防_Z浙江三和电梯_Z福州三和电梯,业务单元本部,4,二级授权,process_level_category:业务单元本部_and_physical_level:lte_4,三级授权
50920156,Z济南三和电梯,Z浙江三和电梯,万御安防,万物云_万御安防_Z浙江三和电梯_Z济南三和电梯,业务单元本部,4,二级授权,process_level_category:业务单元本部_and_physical_level:lte_4,三级授权
50920157,Z合肥三和电梯,Z浙江三和电梯,万御安防,万物云_万御安防_Z浙江三和电梯_Z合肥三和电梯,业务单元本部,4,二级授权,process_level_category:业务单元本部_and_physical_level:lte_4,三级授权
50920158,Z昆明三和电梯,Z浙江三和电梯,万御安防,万物云_万御安防_Z浙江三和电梯_Z昆明三和电梯,业务单元本部,4,二级授权,process_level_category:业务单元本部_and_physical_level:lte_4,三级授权
50920159,Z温州三和电梯,Z浙江三和电梯,万御安防,万物云_万御安防_Z浙江三和电梯_Z温州三和电梯,业务单元本部,4,二级授权,process_level_category:业务单元本部_and_physical_level:lte_4,三级授权
50925225,Z贵阳三和电梯,Z浙江三和电梯,万御安防,万物云_万御安防_Z浙江三和电梯_Z贵阳三和电梯,业务单元本部,4,二级授权,process_level_category:业务单元本部_and_physical_level:lte_4,三级授权
50925937,Z大连三和电梯,Z浙江三和电梯,万御安防,万物云_万御安防_Z浙江三和电梯_Z大连三和电梯,业务单元本部,4,二级授权,process_level_category:业务单元本部_and_physical_level:lte_4,三级授权
50927998,Z佛山三和电梯,Z浙江三和电梯,万御安防,万物云_万御安防_Z浙江三和电梯_Z佛山三和电梯,业务单元本部,4,二级授权,process_level_category:业务单元本部_and_physical_level:lte_4,三级授权
50927999,Z青岛三和电梯,Z浙江三和电梯,万御安防,万物云_万御安防_Z浙江三和电梯_Z青岛三和电梯,业务单元本部,4,二级授权,process_level_category:业务单元本部_and_physical_level:lte_4,三级授权
50928000,Z武汉三和电梯,Z浙江三和电梯,万御安防,万物云_万御安防_Z浙江三和电梯_Z武汉三和电梯,业务单元本部,4,二级授权,process_level_category:业务单元本部_and_physical_level:lte_4,三级授权
50928076,Z烟台三和电梯,Z浙江三和电梯,万御安防,万物云_万御安防_Z浙江三和电梯_Z烟台三和电梯,业务单元本部,4,二级授权,process_level_category:业务单元本部_and_physical_level:lte_4,三级授权
50928363,Z徐州三和电梯,Z浙江三和电梯,万御安防,万物云_万御安防_Z浙江三和电梯_Z徐州三和电梯,业务单元本部,4,二级授权,process_level_category:业务单元本部_and_physical_level:lte_4,三级授权
50930998,Z扬州三和电梯,Z浙江三和电梯,万御安防,万物云_万御安防_Z浙江三和电梯_Z扬州三和电梯,业务单元本部,4,二级授权,process_level_category:业务单元本部_and_physical_level:lte_4,三级授权
50940821,Z北京三和电梯,Z浙江三和电梯,万御安防,万物云_万御安防_Z浙江三和电梯_Z北京三和电梯,业务单元本部,4,二级授权,process_level_category:业务单元本部_and_physical_level:lte_4,三级授权
50909819,安防机电运营中心华北区,安防机电运营中心华北区,万御安防,万物云_万御安防_万御安防科技公司_安防机电运营中心华北区,业务单元本部,4,二级授权,process_level_category:业务单元本部_and_physical_level:lte_4,三级授权
50909817,安防机电运营中心华东区,安防机电运营中心华东区,万御安防,万物云_万御安防_万御安防科技公司_安防机电运营中心华东区,业务单元本部,4,二级授权,process_level_category:业务单元本部_and_physical_level:lte_4,三级授权
50909818,安防机电运营中心华南区,安防机电运营中心华南区,万御安防,万物云_万御安防_万御安防科技公司_安防机电运营中心华南区,业务单元本部,4,二级授权,process_level_category:业务单元本部_and_physical_level:lte_4,三级授权
50909820,安防机电运营中心中西区,安防机电运营中心中西区,万御安防,万物云_万御安防_万御安防科技公司_安防机电运营中心中西区,业务单元本部,4,二级授权,process_level_category:业务单元本部_and_physical_level:lte_4,三级授权
50927950,北京万御物保安公司,北京万御物保安公司,万御安防,万物云_万御安防_万御安防科技公司_北京万御物保安公司,业务单元本部,4,二级授权,process_level_category:业务单元本部_and_physical_level:lte_4,三级授权
50928741,东莞住区孤星项目,东莞万御保安服务有限公司,万御安防,万物云_万御安防_东莞万御保安服务有限公司_东莞住区孤星项目,业务单元本部,4,二级授权,process_level_category:业务单元本部_and_physical_level:lte_4,三级授权
50927799,福建万御保安公司,福建万御保安公司,万御安防,万物云_万御安防_万御安防科技公司_福建万御保安公司,业务单元本部,4,二级授权,process_level_category:业务单元本部_and_physical_level:lte_4,三级授权
50928390,三亚分公司,广东万御保安服务有限公司,万御安防,万物云_万御安防_广东万御保安服务有限公司_三亚分公司,业务单元本部,4,二级授权,process_level_category:业务单元本部_and_physical_level:lte_4,三级授权
50929338,杭州耀安保安服务有限公司,杭州耀安保安服务有限公司,万御安防,万物云_万御安防_万御安防科技公司_杭州耀安保安服务有限公司,业务单元本部,4,二级授权,process_level_category:业务单元本部_and_physical_level:lte_4,三级授权
50928616,南通万物御安防科技有限公,南通万物御安防科技有限公,万御安防,万物云_万御安防_万御安防科技公司_南通万物御安防科技有限公,业务单元本部,4,二级授权,process_level_category:业务单元本部_and_physical_level:lte_4,三级授权
50909821,万御本部,万御安防科技公司,万御安防,万物云_万御安防_万御安防科技公司_万御本部,业务单元本部,4,二级授权,process_level_category:业务单元本部_and_physical_level:lte_4,三级授权
50959124,万御电梯本部,万御电梯,万御安防,万物云_万御安防_万御电梯_万御电梯本部,业务单元本部,4,二级授权,process_level_category:业务单元本部_and_physical_level:lte_4,三级授权
50960714,万御电梯合肥公司,万御电梯合肥公司,万御安防,万物云_万御安防_万御电梯_万御电梯合肥公司,业务单元本部,4,二级授权,process_level_category:业务单元本部_and_physical_level:lte_4,三级授权
50928079,耀安佛山分公司,耀安佛山分公司,万御安防,万物云_万御安防_万御安防科技公司_耀安佛山分公司,业务单元本部,4,二级授权,process_level_category:业务单元本部_and_physical_level:lte_4,三级授权
50929412,耀安广州分公司,耀安广州分公司,万御安防,万物云_万御安防_万御安防科技公司_耀安广州分公司,业务单元本部,4,二级授权,process_level_category:业务单元本部_and_physical_level:lte_4,三级授权
50927800,耀安青岛分公司,耀安青岛分公司,万御安防,万物云_万御安防_万御安防科技公司_耀安青岛分公司,业务单元本部,4,二级授权,process_level_category:业务单元本部_and_physical_level:lte_4,三级授权
50963207,朴邻运营中心,蝶城发展中心,为家-朴邻,万物云_蝶城发展中心_万物为家朴邻发展业务部_朴邻运营中心,业务单元本部,4,二级授权,process_level_category:业务单元本部_and_physical_level:lte_4,三级授权
50966388,业务运营部,蝶城发展中心,为家-朴邻,万物云_蝶城发展中心_万物为家朴邻发展业务部_业务运营部,业务单元本部,4,二级授权,process_level_category:业务单元本部_and_physical_level:lte_4,三级授权
50966434,业务支持部,蝶城发展中心,为家-朴邻,万物云_蝶城发展中心_万物为家朴邻发展业务部_业务支持部,业务单元本部,4,二级授权,process_level_category:业务单元本部_and_physical_level:lte_4,三级授权
55004037,业务运营部,蝶城发展中心,为家-朴邻,万物云_蝶城发展中心_万物为家朴邻发展业务部_业务运营部,业务单元本部,4,二级授权,process_level_category:业务单元本部_and_physical_level:lte_4,三级授权
55004038,业务支持部,蝶城发展中心,为家-朴邻,万物云_蝶城发展中心_万物为家朴邻发展业务部_业务支持部,业务单元本部,4,二级授权,process_level_category:业务单元本部_and_physical_level:lte_4,三级授权
55005043,朴邻租赁服务中心,蝶城发展中心,为家-朴邻,万物云_蝶城发展中心_万物为家朴邻发展业务部_朴邻租赁服务中心,业务单元本部,4,二级授权,process_level_category:业务单元本部_and_physical_level:lte_4,三级授权
50924116,朴邻发展本部,万物为家,为家-朴邻,万物云_蝶城发展中心_万物为家_朴邻发展本部,业务单元本部,4,二级授权,process_level_category:业务单元本部_and_physical_level:lte_4,三级授权
50942411,朴邻北部业务部,万物为家,为家-朴邻,万物云_蝶城发展中心_万物为家_朴邻北部业务部,业务单元本部,4,二级授权,process_level_category:业务单元本部_and_physical_level:lte_4,三级授权
50942412,朴邻南部业务部,万物为家,为家-朴邻,万物云_蝶城发展中心_万物为家_朴邻南部业务部,业务单元本部,4,二级授权,process_level_category:业务单元本部_and_physical_level:lte_4,三级授权
50925689,研选家运营中心,万物为家,为家-研选家,万物云_蝶城发展中心_万物为家_研选家运营中心,业务单元本部,4,二级授权,process_level_category:业务单元本部_and_physical_level:lte_4,三级授权
50971749,支持平台,祥盈企服,祥盈企服,万物云_祥盈企服_房修业务部_支持平台,业务单元本部,4,二级授权,process_level_category:业务单元本部_and_physical_level:lte_4,三级授权
50972518,北京战区,祥盈企服,祥盈企服,万物云_祥盈企服_房修业务部50972517_北京战区,业务单元本部,4,二级授权,process_level_category:业务单元本部_and_physical_level:lte_4,三级授权
50972519,东北战区,祥盈企服,祥盈企服,万物云_祥盈企服_房修业务部50972517_东北战区,业务单元本部,4,二级授权,process_level_category:业务单元本部_and_physical_level:lte_4,三级授权
50972520,华中战区,祥盈企服,祥盈企服,万物云_祥盈企服_房修业务部50972517_华中战区,业务单元本部,4,二级授权,process_level_category:业务单元本部_and_physical_level:lte_4,三级授权
50972521,南方战区,祥盈企服,祥盈企服,万物云_祥盈企服_房修业务部50972517_南方战区,业务单元本部,4,二级授权,process_level_category:业务单元本部_and_physical_level:lte_4,三级授权
50972522,上海战区,祥盈企服,祥盈企服,万物云_祥盈企服_房修业务部50972517_上海战区,业务单元本部,4,二级授权,process_level_category:业务单元本部_and_physical_level:lte_4,三级授权
50972523,西北战区,祥盈企服,祥盈企服,万物云_祥盈企服_房修业务部50972517_西北战区,业务单元本部,4,二级授权,process_level_category:业务单元本部_and_physical_level:lte_4,三级授权
50972524,西南战区,祥盈企服,祥盈企服,万物云_祥盈企服_房修业务部50972517_西南战区,业务单元本部,4,二级授权,process_level_category:业务单元本部_and_physical_level:lte_4,三级授权
50972890,北京战区,祥盈企服,祥盈企服,万物云_祥盈企服_房修业务部_北京战区,业务单元本部,4,二级授权,process_level_category:业务单元本部_and_physical_level:lte_4,三级授权
50972891,东北战区,祥盈企服,祥盈企服,万物云_祥盈企服_房修业务部_东北战区,业务单元本部,4,二级授权,process_level_category:业务单元本部_and_physical_level:lte_4,三级授权
50972892,华中战区,祥盈企服,祥盈企服,万物云_祥盈企服_房修业务部_华中战区,业务单元本部,4,二级授权,process_level_category:业务单元本部_and_physical_level:lte_4,三级授权
50972893,南方战区,祥盈企服,祥盈企服,万物云_祥盈企服_房修业务部_南方战区,业务单元本部,4,二级授权,process_level_category:业务单元本部_and_physical_level:lte_4,三级授权
50972894,上海战区,祥盈企服,祥盈企服,万物云_祥盈企服_房修业务部_上海战区,业务单元本部,4,二级授权,process_level_category:业务单元本部_and_physical_level:lte_4,三级授权
50972895,西北战区,祥盈企服,祥盈企服,万物云_祥盈企服_房修业务部_西北战区,业务单元本部,4,二级授权,process_level_category:业务单元本部_and_physical_level:lte_4,三级授权
50972896,西南战区,祥盈企服,祥盈企服,万物云_祥盈企服_房修业务部_西南战区,业务单元本部,4,二级授权,process_level_category:业务单元本部_and_physical_level:lte_4,三级授权
50914848,管理层,业务支持部,祥盈企服,万物云_祥盈企服_业务支持部_管理层,业务单元本部,4,二级授权,process_level_category:业务单元本部_and_physical_level:lte_4,三级授权
50914852,产品研发与运营组,业务支持部,祥盈企服,万物云_祥盈企服_业务支持部_产品研发与运营组,业务单元本部,4,二级授权,process_level_category:业务单元本部_and_physical_level:lte_4,三级授权
50914853,规划发展与人力行政组,业务支持部,祥盈企服,万物云_祥盈企服_业务支持部_规划发展与人力行政组,业务单元本部,4,二级授权,process_level_category:业务单元本部_and_physical_level:lte_4,三级授权
50914854,组织运营组,业务支持部,祥盈企服,万物云_祥盈企服_业务支持部_组织运营组,业务单元本部,4,二级授权,process_level_category:业务单元本部_and_physical_level:lte_4,三级授权
50914855,流程与信息化组,业务支持部,祥盈企服,万物云_祥盈企服_业务支持部_流程与信息化组,业务单元本部,4,二级授权,process_level_category:业务单元本部_and_physical_level:lte_4,三级授权
50952409,财务与内控组,业务支持部,祥盈企服,万物云_祥盈企服_业务支持部_财务与内控组,业务单元本部,4,二级授权,process_level_category:业务单元本部_and_physical_level:lte_4,三级授权
50952503,市场与客户管理组,业务支持部,祥盈企服,万物云_祥盈企服_业务支持部_市场与客户管理组,业务单元本部,4,二级授权,process_level_category:业务单元本部_and_physical_level:lte_4,三级授权
50941151,财务管理组,资产经营中心,资产经营中心,万物云_资产经营中心_财务管理部_财务管理组,业务单元本部,4,二级授权,process_level_category:业务单元本部_and_physical_level:lte_4,三级授权
50941152,法务组,资产经营中心,资产经营中心,万物云_资产经营中心_财务管理部_法务组,业务单元本部,4,二级授权,process_level_category:业务单元本部_and_physical_level:lte_4,三级授权
50941774,流程信息组,资产经营中心,资产经营中心,万物云_资产经营中心_财务管理部_流程信息组,业务单元本部,4,二级授权,process_level_category:业务单元本部_and_physical_level:lte_4,三级授权
50941775,数据运营组,资产经营中心,资产经营中心,万物云_资产经营中心_财务管理部_数据运营组,业务单元本部,4,二级授权,process_level_category:业务单元本部_and_physical_level:lte_4,三级授权
50941777,创新组,资产经营中心,资产经营中心,万物云_资产经营中心_市场拓展部_创新组,业务单元本部,4,二级授权,process_level_category:业务单元本部_and_physical_level:lte_4,三级授权
50951448,投后工作组,资产经营中心,资产经营中心,万物云_资产经营中心_财务管理部_投后工作组,业务单元本部,4,二级授权,process_level_category:业务单元本部_and_physical_level:lte_4,三级授权
50974386,财务组50974386,资产经营中心,资产经营中心,万物云_资产经营中心_财务管理部_财务组50974386,业务单元本部,4,二级授权,process_level_category:业务单元本部_and_physical_level:lte_4,三级授权
50974387,信息组50974387,资产经营中心,资产经营中心,万物云_资产经营中心_财务管理部_信息组50974387,业务单元本部,4,二级授权,process_level_category:业务单元本部_and_physical_level:lte_4,三级授权
55002226,财务组,资产经营中心,资产经营中心,万物云_资产经营中心_财务管理部_财务组,业务单元本部,4,二级授权,process_level_category:业务单元本部_and_physical_level:lte_4,三级授权
55002230,信息组,资产经营中心,资产经营中心,万物云_资产经营中心_财务管理部_信息组,业务单元本部,4,二级授权,process_level_category:业务单元本部_and_physical_level:lte_4,三级授权
55002240,营运组,资产经营中心,资产经营中心,万物云_资产经营中心_商业管理部_营运组,业务单元本部,4,二级授权,process_level_category:业务单元本部_and_physical_level:lte_4,三级授权
55002241,招商组,资产经营中心,资产经营中心,万物云_资产经营中心_商业管理部_招商组,业务单元本部,4,二级授权,process_level_category:业务单元本部_and_physical_level:lte_4,三级授权
55002242,工程管理组,资产经营中心,资产经营中心,万物云_资产经营中心_产品工程部_工程管理组,业务单元本部,4,二级授权,process_level_category:业务单元本部_and_physical_level:lte_4,三级授权
55002243,设计规划组,资产经营中心,资产经营中心,万物云_资产经营中心_产品工程部_设计规划组,业务单元本部,4,二级授权,process_level_category:业务单元本部_and_physical_level:lte_4,三级授权
55002244,产品研究组,资产经营中心,资产经营中心,万物云_资产经营中心_产品工程部_产品研究组,业务单元本部,4,二级授权,process_level_category:业务单元本部_and_physical_level:lte_4,三级授权
